clienti_ID,regione,segmento
1,Centro,A
2,Nord,C
3,Centro,B
4,Isole,B
5,Centro,B
6,Centro,B
7,Centro,A
8,Centro,A
9,Sud,A
10,Isole,C
11,Isole,A
12,Sud,D
13,Nord,D
14,Sud,C
15,Nord,C
16,Nord,A
17,Sud,C
18,Nord,B
19,Sud,C
20,Isole,C
21,Nord,A
22,Centro,D
23,Centro,D
24,Centro,D
25,Isole,A
26,Isole,A
27,Isole,A
28,Nord,A
29,Sud,C
30,Isole,B
31,Centro,B
32,Centro,A
33,Nord,B
34,Nord,A
35,Nord,D
36,Nord,B
37,Nord,C
38,Sud,C
39,Nord,C
40,Sud,C
41,Sud,B
42,Sud,B
43,Centro,B
44,Sud,C
45,Nord,A
46,Sud,C
47,Centro,B
48,Isole,A
49,Isole,C
50,Centro,D
51,Isole,D
52,Nord,A
53,Isole,D
54,Isole,B
55,Isole,D
56,Sud,B
57,Sud,B
58,Sud,B
59,Sud,B
60,Nord,C
61,Centro,D
62,Isole,C
63,Isole,B
64,Centro,C
65,Sud,B
66,Isole,B
67,Sud,D
68,Centro,D
69,Sud,A
70,Centro,A
71,Centro,A
72,Nord,D
73,Nord,A
74,Isole,D
75,Nord,C
76,Centro,C
77,Nord,C
78,Nord,A
79,Centro,D
80,Nord,D
81,Centro,A
82,Isole,A
83,Sud,A
84,Isole,D
85,Sud,D
86,Sud,A
87,Centro,D
88,Centro,A
89,Centro,C
90,Sud,D
91,Sud,B
92,Sud,A
93,Centro,A
94,Sud,B
95,Isole,B
96,Centro,C
97,Sud,C
98,Sud,D
99,Centro,C
100,Nord,B
101,Centro,A
102,Centro,B
103,Isole,C
104,Nord,B
105,Isole,A
106,Isole,C
107,Sud,B
108,Nord,A
109,Isole,D
110,Isole,A
111,Centro,B
112,Isole,A
113,Sud,D
114,Centro,C
115,Nord,B
116,Sud,A
117,Sud,D
118,Centro,B
119,Sud,D
120,Centro,C
121,Centro,A
122,Sud,B
123,Sud,B
124,Isole,C
125,Centro,B
126,Centro,C
127,Isole,A
128,Isole,C
129,Isole,B
130,Centro,D
131,Centro,C
132,Centro,C
133,Sud,A
134,Centro,A
135,Sud,A
136,Isole,B
137,Centro,C
138,Sud,C
139,Nord,A
140,Centro,D
141,Isole,D
142,Centro,B
143,Sud,D
144,Nord,B
145,Centro,A
146,Nord,C
147,Nord,D
148,Centro,D
149,Isole,B
150,Sud,C
151,Isole,A
152,Nord,C
153,Centro,B
154,Isole,C
155,Isole,A
156,Centro,A
157,Sud,D
158,Sud,D
159,Centro,A
160,Nord,B
161,Centro,D
162,Nord,B
163,Centro,A
164,Nord,D
165,Isole,D
166,Centro,D
167,Sud,A
168,Isole,C
169,Isole,C
170,Centro,A
171,Sud,B
172,Isole,C
173,Sud,D
174,Isole,A
175,Centro,A
176,Centro,A
177,Centro,A
178,Isole,B
179,Centro,D
180,Sud,A
181,Sud,B
182,Isole,A
183,Isole,B
184,Nord,B
185,Centro,A
186,Isole,B
187,Isole,A
188,Centro,D
189,Sud,A
190,Centro,A
191,Isole,A
192,Nord,A
193,Isole,D
194,Nord,B
195,Nord,A
196,Nord,B
197,Nord,A
198,Centro,B
199,Isole,D
200,Isole,C
201,Nord,B
202,Sud,D
203,Centro,D
204,Isole,A
205,Centro,C
206,Isole,A
207,Centro,D
208,Nord,C
209,Sud,A
210,Centro,A
211,Nord,C
212,Centro,A
213,Centro,C
214,Isole,B
215,Nord,D
216,Nord,A
217,Isole,D
218,Centro,B
219,Nord,B
220,Nord,B
221,Isole,C
222,Sud,D
223,Centro,C
224,Isole,C
225,Nord,C
226,Nord,C
227,Isole,D
228,Sud,D
229,Nord,D
230,Centro,D
231,Sud,B
232,Centro,A
233,Nord,A
234,Centro,C
235,Isole,C
236,Sud,A
237,Sud,B
238,Nord,C
239,Centro,D
240,Centro,B
241,Nord,B
242,Sud,D
243,Centro,C
244,Nord,A
245,Isole,B
246,Centro,C
247,Sud,A
248,Centro,D
249,Isole,C
250,Nord,D
251,Nord,A
252,Centro,D
253,Sud,A
254,Sud,A
255,Centro,A
256,Isole,B
257,Centro,C
258,Isole,B
259,Centro,C
260,Centro,A
261,Nord,A
262,Nord,A
263,Sud,C
264,Sud,A
265,Nord,A
266,Centro,D
267,Centro,D
268,Sud,A
269,Nord,A
270,Isole,A
271,Sud,D
272,Sud,C
273,Centro,B
274,Centro,A
275,Sud,A
276,Nord,A
277,Isole,B
278,Sud,D
279,Centro,D
280,Nord,B
281,Isole,A
282,Sud,B
283,Sud,C
284,Centro,B
285,Isole,D
286,Centro,D
287,Nord,D
288,Isole,A
289,Isole,A
290,Nord,C
291,Centro,B
292,Isole,B
293,Sud,A
294,Sud,B
295,Sud,D
296,Centro,A
297,Centro,A
298,Nord,A
299,Sud,C
300,Sud,C
301,Sud,C
302,Centro,A
303,Nord,C
304,Centro,B
305,Nord,D
306,Isole,C
307,Nord,B
308,Isole,A
309,Centro,B
310,Sud,C
311,Nord,D
312,Nord,D
313,Sud,B
314,Nord,D
315,Sud,A
316,Sud,D
317,Sud,C
318,Nord,B
319,Centro,C
320,Sud,A
321,Centro,A
322,Nord,D
323,Centro,D
324,Centro,B
325,Nord,D
326,Sud,B
327,Isole,B
328,Centro,C
329,Nord,C
330,Sud,D
331,Centro,D
332,Isole,A
333,Isole,A
334,Sud,C
335,Nord,D
336,Sud,C
337,Isole,C
338,Nord,D
339,Nord,B
340,Nord,D
341,Sud,D
342,Isole,D
343,Centro,D
344,Sud,D
345,Centro,D
346,Centro,B
347,Nord,A
348,Nord,B
349,Centro,B
350,Centro,C
351,Sud,D
352,Sud,A
353,Sud,C
354,Centro,C
355,Sud,B
356,Centro,D
357,Sud,D
358,Sud,D
359,Isole,A
360,Nord,D
361,Isole,C
362,Sud,C
363,Isole,C
364,Isole,D
365,Nord,A
366,Sud,D
367,Sud,A
368,Nord,B
369,Isole,A
370,Nord,A
371,Isole,C
372,Isole,D
373,Centro,A
374,Isole,A
375,Isole,A
376,Sud,C
377,Nord,D
378,Nord,B
379,Nord,C
380,Isole,A
381,Sud,D
382,Centro,A
383,Sud,D
384,Isole,B
385,Isole,D
386,Nord,B
387,Centro,D
388,Sud,D
389,Centro,B
390,Centro,C
391,Nord,C
392,Isole,A
393,Nord,A
394,Isole,B
395,Sud,B
396,Centro,C
397,Isole,B
398,Isole,D
399,Centro,A
400,Nord,A
401,Centro,A
402,Isole,B
403,Centro,C
404,Isole,C
405,Centro,D
406,Sud,A
407,Centro,B
408,Centro,C
409,Nord,D
410,Nord,C
411,Isole,B
412,Isole,C
413,Sud,A
414,Centro,A
415,Nord,A
416,Nord,A
417,Centro,A
418,Sud,C
419,Isole,A
420,Sud,B
421,Sud,D
422,Sud,D
423,Centro,A
424,Isole,B
425,Isole,B
426,Centro,D
427,Nord,D
428,Nord,B
429,Nord,B
430,Sud,B
431,Nord,B
432,Isole,B
433,Centro,D
434,Isole,A
435,Sud,B
436,Isole,D
437,Centro,D
438,Isole,B
439,Centro,D
440,Nord,D
441,Nord,A
442,Sud,D
443,Centro,A
444,Isole,B
445,Centro,A
446,Centro,B
447,Isole,D
448,Nord,D
449,Sud,D
450,Centro,D
451,Sud,B
452,Sud,B
453,Nord,D
454,Nord,D
455,Centro,D
456,Nord,D
457,Isole,A
458,Centro,D
459,Centro,C
460,Nord,A
461,Sud,A
462,Isole,D
463,Isole,D
464,Nord,C
465,Isole,C
466,Nord,D
467,Nord,B
468,Nord,B
469,Sud,A
470,Nord,B
471,Isole,C
472,Isole,B
473,Sud,D
474,Sud,B
475,Nord,D
476,Isole,C
477,Centro,C
478,Centro,D
479,Isole,C
480,Nord,A
481,Nord,A
482,Sud,B
483,Sud,C
484,Nord,C
485,Nord,A
486,Centro,D
487,Centro,D
488,Centro,D
489,Nord,A
490,Nord,B
491,Sud,B
492,Isole,A
493,Sud,A
494,Sud,D
495,Nord,C
496,Sud,C
497,Nord,B
498,Centro,D
499,Sud,A
500,Isole,C
501,Centro,D
502,Nord,C
503,Isole,C
504,Centro,D
505,Sud,B
506,Sud,C
507,Sud,A
508,Centro,B
509,Centro,D
510,Sud,D
511,Sud,D
512,Centro,B
513,Sud,B
514,Nord,C
515,Isole,A
516,Sud,A
517,Centro,D
518,Sud,A
519,Isole,B
520,Centro,D
521,Centro,D
522,Sud,B
523,Centro,B
524,Centro,A
525,Centro,B
526,Sud,D
527,Nord,C
528,Nord,A
529,Isole,A
530,Isole,D
531,Nord,D
532,Sud,B
533,Sud,C
534,Centro,A
535,Sud,A
536,Nord,A
537,Sud,C
538,Isole,B
539,Isole,C
540,Sud,B
541,Centro,D
542,Isole,A
543,Sud,B
544,Sud,C
545,Nord,C
546,Isole,C
547,Centro,D
548,Centro,C
549,Nord,C
550,Centro,C
551,Centro,B
552,Sud,A
553,Nord,A
554,Centro,C
555,Centro,D
556,Isole,A
557,Sud,C
558,Nord,A
559,Nord,B
560,Sud,D
561,Nord,D
562,Sud,A
563,Nord,B
564,Isole,A
565,Centro,A
566,Nord,D
567,Sud,C
568,Sud,D
569,Sud,C
570,Nord,C
571,Nord,B
572,Centro,D
573,Sud,B
574,Isole,A
575,Sud,B
576,Isole,B
577,Centro,D
578,Nord,D
579,Centro,D
580,Centro,D
581,Centro,B
582,Sud,A
583,Sud,C
584,Sud,B
585,Isole,C
586,Isole,C
587,Centro,C
588,Sud,A
589,Sud,C
590,Sud,B
591,Nord,D
592,Centro,C
593,Sud,C
594,Nord,D
595,Nord,A
596,Centro,D
597,Isole,B
598,Isole,A
599,Nord,D
600,Sud,C
601,Isole,B
602,Isole,C
603,Isole,A
604,Sud,B
605,Nord,D
606,Nord,A
607,Centro,B
608,Nord,B
609,Isole,B
610,Isole,C
611,Centro,A
612,Nord,C
613,Sud,C
614,Nord,C
615,Isole,B
616,Isole,B
617,Centro,C
618,Centro,A
619,Isole,D
620,Isole,D
621,Centro,D
622,Sud,D
623,Centro,A
624,Nord,A
625,Nord,B
626,Sud,D
627,Centro,A
628,Nord,D
629,Isole,D
630,Centro,A
631,Sud,B
632,Centro,C
633,Nord,B
634,Centro,C
635,Isole,A
636,Isole,B
637,Nord,B
638,Sud,B
639,Isole,A
640,Sud,A
641,Nord,B
642,Isole,D
643,Sud,C
644,Centro,B
645,Nord,C
646,Sud,A
647,Nord,D
648,Isole,B
649,Centro,C
650,Centro,B
651,Sud,A
652,Nord,B
653,Isole,A
654,Isole,C
655,Nord,C
656,Isole,B
657,Sud,D
658,Nord,D
659,Centro,B
660,Nord,B
661,Centro,A
662,Sud,A
663,Nord,D
664,Isole,A
665,Sud,D
666,Centro,A
667,Centro,B
668,Centro,D
669,Centro,C
670,Centro,C
671,Nord,D
672,Centro,C
673,Nord,A
674,Centro,A
675,Nord,C
676,Isole,D
677,Nord,C
678,Isole,B
679,Isole,B
680,Isole,D
681,Isole,A
682,Centro,D
683,Isole,D
684,Sud,A
685,Centro,D
686,Nord,D
687,Isole,A
688,Isole,A
689,Nord,B
690,Centro,C
691,Centro,A
692,Centro,C
693,Nord,D
694,Isole,D
695,Isole,B
696,Isole,B
697,Nord,B
698,Isole,C
699,Nord,D
700,Isole,C
701,Nord,B
702,Nord,A
703,Centro,A
704,Nord,B
705,Nord,C
706,Centro,A
707,Isole,D
708,Sud,D
709,Isole,D
710,Nord,C
711,Nord,D
712,Centro,D
713,Sud,B
714,Isole,D
715,Sud,C
716,Sud,B
717,Sud,C
718,Centro,D
719,Centro,D
720,Centro,C
721,Nord,C
722,Nord,A
723,Isole,C
724,Isole,D
725,Nord,D
726,Sud,C
727,Nord,D
728,Sud,B
729,Sud,D
730,Isole,D
731,Isole,B
732,Nord,B
733,Centro,A
734,Nord,B
735,Isole,C
736,Isole,B
737,Nord,C
738,Centro,C
739,Isole,D
740,Centro,A
741,Centro,C
742,Nord,C
743,Isole,C
744,Isole,B
745,Sud,A
746,Nord,B
747,Sud,A
748,Centro,C
749,Centro,B
750,Nord,B
751,Isole,A
752,Sud,D
753,Nord,B
754,Centro,B
755,Nord,D
756,Sud,C
757,Isole,C
758,Sud,D
759,Nord,A
760,Centro,B
761,Sud,B
762,Centro,D
763,Nord,B
764,Isole,C
765,Nord,A
766,Isole,B
767,Centro,B
768,Centro,C
769,Isole,C
770,Sud,B
771,Centro,A
772,Sud,B
773,Isole,A
774,Nord,A
775,Isole,A
776,Nord,A
777,Nord,B
778,Nord,B
779,Isole,D
780,Centro,B
781,Nord,C
782,Centro,B
783,Isole,D
784,Centro,B
785,Isole,A
786,Isole,C
787,Isole,A
788,Sud,D
789,Sud,B
790,Centro,D
791,Centro,B
792,Sud,B
793,Nord,D
794,Centro,C
795,Isole,B
796,Centro,A
797,Nord,B
798,Sud,D
799,Centro,C
800,Isole,D
801,Isole,A
802,Isole,B
803,Sud,B
804,Isole,D
805,Isole,C
806,Isole,B
807,Isole,B
808,Isole,D
809,Isole,B
810,Isole,A
811,Nord,A
812,Sud,B
813,Isole,D
814,Centro,B
815,Nord,C
816,Isole,C
817,Nord,A
818,Sud,B
819,Sud,A
820,Centro,B
821,Sud,B
822,Isole,A
823,Nord,D
824,Nord,D
825,Nord,C
826,Centro,C
827,Nord,A
828,Isole,D
829,Isole,D
830,Isole,D
831,Centro,A
832,Isole,C
833,Isole,C
834,Centro,D
835,Sud,C
836,Isole,B
837,Nord,C
838,Nord,D
839,Isole,A
840,Sud,C
841,Centro,B
842,Isole,B
843,Sud,D
844,Isole,D
845,Centro,B
846,Sud,B
847,Centro,D
848,Sud,D
849,Nord,C
850,Centro,D
851,Sud,B
852,Sud,A
853,Isole,A
854,Nord,A
855,Isole,B
856,Centro,C
857,Sud,A
858,Centro,B
859,Nord,C
860,Isole,A
861,Sud,A
862,Centro,D
863,Isole,A
864,Nord,B
865,Nord,D
866,Nord,A
867,Nord,A
868,Isole,D
869,Nord,B
870,Sud,D
871,Centro,A
872,Nord,B
873,Nord,B
874,Centro,C
875,Nord,A
876,Nord,C
877,Nord,D
878,Sud,D
879,Sud,B
880,Sud,A
881,Centro,A
882,Sud,C
883,Centro,B
884,Isole,B
885,Sud,B
886,Nord,C
887,Sud,B
888,Isole,B
889,Nord,A
890,Isole,C
891,Sud,A
892,Sud,A
893,Sud,D
894,Centro,C
895,Nord,B
896,Nord,C
897,Sud,C
898,Centro,A
899,Isole,C
900,Sud,D
901,Nord,C
902,Centro,C
903,Isole,B
904,Sud,C
905,Isole,A
906,Sud,D
907,Nord,B
908,Isole,B
909,Nord,C
910,Nord,B
911,Sud,B
912,Isole,A
913,Nord,C
914,Sud,A
915,Centro,A
916,Isole,B
917,Sud,D
918,Nord,A
919,Sud,B
920,Isole,C
921,Nord,D
922,Sud,D
923,Isole,B
924,Nord,B
925,Nord,C
926,Isole,B
927,Nord,D
928,Sud,C
929,Sud,C
930,Sud,A
931,Centro,C
932,Centro,C
933,Isole,C
934,Isole,A
935,Isole,D
936,Sud,C
937,Nord,C
938,Isole,B
939,Isole,A
940,Centro,A
941,Nord,A
942,Sud,A
943,Sud,A
944,Sud,D
945,Isole,C
946,Centro,C
947,Isole,A
948,Isole,A
949,Nord,D
950,Isole,D
951,Nord,C
952,Nord,C
953,Sud,D
954,Sud,D
955,Centro,C
956,Sud,C
957,Nord,A
958,Nord,C
959,Isole,B
960,Centro,D
961,Nord,A
962,Isole,D
963,Centro,D
964,Isole,D
965,Centro,D
966,Centro,B
967,Centro,D
968,Nord,C
969,Sud,A
970,Nord,D
971,Nord,A
972,Isole,D
973,Isole,C
974,Sud,D
975,Centro,D
976,Isole,A
977,Sud,B
978,Centro,A
979,Nord,C
980,Sud,A
981,Isole,D
982,Isole,A
983,Centro,B
984,Nord,B
985,Nord,B
986,Nord,C
987,Nord,B
988,Centro,B
989,Nord,D
990,Nord,C
991,Centro,D
992,Centro,B
993,Isole,C
994,Nord,D
995,Sud,B
996,Sud,A
997,Sud,A
998,Isole,B
999,Sud,A
1000,Sud,B
1001,Nord,B
1002,Isole,B
1003,Centro,C
1004,Isole,C
1005,Sud,C
1006,Centro,B
1007,Sud,C
1008,Nord,A
1009,Sud,D
1010,Centro,C
1011,Centro,B
1012,Sud,A
1013,Isole,C
1014,Sud,D
1015,Isole,D
1016,Sud,A
1017,Sud,A
1018,Centro,D
1019,Nord,C
1020,Centro,A
1021,Centro,A
1022,Centro,D
1023,Centro,C
1024,Sud,D
1025,Sud,B
1026,Centro,C
1027,Sud,A
1028,Nord,C
1029,Sud,D
1030,Isole,B
1031,Nord,C
1032,Nord,B
1033,Isole,D
1034,Centro,A
1035,Nord,D
1036,Nord,A
1037,Isole,B
1038,Isole,A
1039,Centro,A
1040,Sud,B
1041,Centro,D
1042,Nord,A
1043,Centro,D
1044,Sud,A
1045,Sud,D
1046,Nord,B
1047,Centro,B
1048,Sud,D
1049,Isole,B
1050,Isole,C
1051,Sud,A
1052,Nord,D
1053,Nord,D
1054,Sud,D
1055,Nord,B
1056,Nord,B
1057,Nord,A
1058,Nord,C
1059,Isole,A
1060,Centro,C
1061,Sud,C
1062,Centro,B
1063,Centro,A
1064,Isole,D
1065,Isole,C
1066,Isole,D
1067,Nord,C
1068,Nord,A
1069,Centro,B
1070,Centro,C
1071,Nord,C
1072,Nord,B
1073,Isole,D
1074,Isole,B
1075,Sud,C
1076,Centro,D
1077,Sud,B
1078,Centro,A
1079,Nord,C
1080,Isole,C
1081,Nord,B
1082,Sud,D
1083,Nord,D
1084,Centro,B
1085,Centro,D
1086,Sud,C
1087,Isole,D
1088,Sud,C
1089,Nord,A
1090,Centro,A
1091,Isole,D
1092,Nord,A
1093,Centro,D
1094,Centro,C
1095,Sud,D
1096,Nord,D
1097,Sud,A
1098,Nord,D
1099,Isole,C
1100,Sud,C
1101,Isole,C
1102,Centro,B
1103,Isole,A
1104,Centro,B
1105,Nord,A
1106,Isole,D
1107,Isole,B
1108,Sud,B
1109,Centro,A
1110,Centro,B
1111,Centro,C
1112,Isole,D
1113,Isole,C
1114,Nord,C
1115,Isole,A
1116,Sud,B
1117,Nord,D
1118,Nord,D
1119,Nord,C
1120,Sud,A
1121,Isole,C
1122,Sud,C
1123,Nord,A
1124,Isole,D
1125,Isole,B
1126,Centro,D
1127,Nord,B
1128,Sud,B
1129,Centro,D
1130,Nord,D
1131,Centro,C
1132,Nord,C
1133,Sud,A
1134,Sud,D
1135,Centro,C
1136,Sud,D
1137,Sud,B
1138,Isole,C
1139,Nord,C
1140,Centro,A
1141,Centro,A
1142,Nord,A
1143,Sud,C
1144,Sud,B
1145,Isole,C
1146,Centro,C
1147,Isole,B
1148,Sud,C
1149,Sud,D
1150,Sud,B
1151,Nord,B
1152,Centro,D
1153,Isole,A
1154,Sud,D
1155,Isole,D
1156,Isole,D
1157,Nord,B
1158,Isole,D
1159,Sud,B
1160,Sud,C
1161,Sud,A
1162,Isole,D
1163,Nord,C
1164,Sud,C
1165,Nord,C
1166,Sud,D
1167,Nord,A
1168,Centro,B
1169,Sud,D
1170,Nord,B
1171,Centro,C
1172,Isole,A
1173,Nord,B
1174,Nord,A
1175,Sud,C
1176,Nord,D
1177,Isole,D
1178,Isole,B
1179,Nord,B
1180,Isole,C
1181,Sud,C
1182,Sud,B
1183,Centro,D
1184,Sud,A
1185,Centro,C
1186,Centro,B
1187,Nord,D
1188,Sud,B
1189,Nord,D
1190,Centro,C
1191,Centro,D
1192,Centro,A
1193,Sud,C
1194,Sud,A
1195,Isole,D
1196,Sud,C
1197,Nord,A
1198,Nord,D
1199,Sud,C
1200,Nord,A
1201,Centro,A
1202,Isole,A
1203,Nord,C
1204,Isole,C
1205,Sud,A
1206,Sud,A
1207,Isole,B
1208,Isole,B
1209,Centro,B
1210,Nord,D
1211,Centro,D
1212,Centro,B
1213,Isole,A
1214,Nord,B
1215,Nord,D
1216,Isole,D
1217,Sud,D
1218,Nord,D
1219,Nord,A
1220,Sud,C
1221,Sud,D
1222,Isole,D
1223,Isole,B
1224,Centro,C
1225,Isole,D
1226,Nord,C
1227,Sud,A
1228,Centro,A
1229,Nord,D
1230,Nord,A
1231,Sud,D
1232,Centro,C
1233,Isole,C
1234,Centro,D
1235,Centro,B
1236,Isole,D
1237,Isole,A
1238,Isole,A
1239,Sud,D
1240,Centro,C
1241,Nord,D
1242,Nord,A
1243,Isole,D
1244,Nord,D
1245,Sud,B
1246,Centro,B
1247,Isole,D
1248,Isole,B
1249,Isole,A
1250,Centro,B
1251,Centro,A
1252,Nord,C
1253,Sud,B
1254,Sud,C
1255,Isole,C
1256,Centro,C
1257,Isole,B
1258,Isole,B
1259,Centro,D
1260,Centro,B
1261,Centro,A
1262,Sud,A
1263,Sud,C
1264,Sud,C
1265,Sud,D
1266,Centro,C
1267,Isole,C
1268,Sud,D
1269,Centro,A
1270,Isole,B
1271,Sud,C
1272,Centro,A
1273,Sud,C
1274,Centro,C
1275,Nord,C
1276,Sud,A
1277,Sud,A
1278,Sud,A
1279,Isole,A
1280,Centro,D
1281,Centro,C
1282,Nord,C
1283,Sud,C
1284,Isole,D
1285,Sud,C
1286,Isole,D
1287,Isole,D
1288,Nord,A
1289,Centro,D
1290,Isole,A
1291,Sud,A
1292,Sud,A
1293,Nord,B
1294,Isole,A
1295,Nord,B
1296,Nord,A
1297,Centro,A
1298,Nord,A
1299,Isole,C
1300,Sud,B
1301,Centro,D
1302,Isole,C
1303,Centro,A
1304,Isole,C
1305,Centro,D
1306,Isole,B
1307,Sud,B
1308,Nord,A
1309,Nord,D
1310,Isole,D
1311,Nord,D
1312,Sud,C
1313,Nord,A
1314,Nord,C
1315,Isole,D
1316,Isole,A
1317,Nord,A
1318,Nord,B
1319,Isole,A
1320,Centro,B
1321,Nord,C
1322,Isole,B
1323,Sud,D
1324,Sud,B
1325,Sud,D
1326,Nord,A
1327,Isole,C
1328,Centro,D
1329,Centro,C
1330,Centro,A
1331,Sud,B
1332,Sud,B
1333,Sud,B
1334,Centro,C
1335,Sud,A
1336,Nord,C
1337,Centro,D
1338,Sud,C
1339,Nord,A
1340,Sud,D
1341,Nord,C
1342,Isole,A
1343,Centro,C
1344,Nord,A
1345,Centro,B
1346,Isole,B
1347,Sud,D
1348,Sud,C
1349,Isole,B
1350,Nord,B
1351,Sud,D
1352,Nord,D
1353,Isole,B
1354,Sud,A
1355,Isole,B
1356,Centro,A
1357,Nord,B
1358,Isole,D
1359,Sud,D
1360,Nord,B
1361,Nord,B
1362,Isole,A
1363,Centro,C
1364,Nord,B
1365,Isole,B
1366,Sud,C
1367,Isole,C
1368,Isole,B
1369,Sud,A
1370,Sud,C
1371,Isole,D
1372,Sud,A
1373,Nord,B
1374,Centro,D
1375,Sud,B
1376,Nord,D
1377,Centro,C
1378,Nord,C
1379,Centro,A
1380,Centro,C
1381,Nord,A
1382,Centro,A
1383,Sud,D
1384,Sud,D
1385,Sud,B
1386,Sud,A
1387,Centro,B
1388,Centro,C
1389,Centro,D
1390,Nord,A
1391,Sud,C
1392,Sud,B
1393,Nord,D
1394,Nord,D
1395,Nord,B
1396,Sud,A
1397,Nord,A
1398,Isole,D
1399,Centro,A
1400,Isole,D
1401,Isole,B
1402,Nord,A
1403,Sud,B
1404,Centro,D
1405,Nord,A
1406,Centro,B
1407,Centro,C
1408,Isole,A
1409,Isole,C
1410,Isole,C
1411,Sud,B
1412,Centro,B
1413,Centro,C
1414,Nord,D
1415,Nord,A
1416,Centro,B
1417,Centro,C
1418,Sud,C
1419,Isole,C
1420,Centro,D
1421,Centro,D
1422,Sud,B
1423,Sud,B
1424,Sud,D
1425,Isole,C
1426,Nord,C
1427,Sud,A
1428,Nord,A
1429,Sud,D
1430,Centro,D
1431,Nord,A
1432,Isole,B
1433,Centro,D
1434,Nord,D
1435,Centro,B
1436,Isole,C
1437,Isole,B
1438,Centro,B
1439,Sud,D
1440,Nord,B
1441,Isole,D
1442,Isole,C
1443,Sud,D
1444,Nord,B
1445,Sud,D
1446,Nord,C
1447,Sud,A
1448,Nord,A
1449,Isole,D
1450,Nord,D
1451,Centro,D
1452,Sud,C
1453,Nord,D
1454,Centro,B
1455,Sud,B
1456,Sud,B
1457,Sud,D
1458,Nord,C
1459,Nord,C
1460,Sud,B
1461,Isole,A
1462,Centro,C
1463,Isole,D
1464,Nord,B
1465,Centro,C
1466,Sud,B
1467,Centro,C
1468,Nord,B
1469,Isole,C
1470,Nord,D
1471,Centro,D
1472,Centro,C
1473,Nord,A
1474,Centro,B
1475,Centro,A
1476,Sud,C
1477,Nord,C
1478,Centro,A
1479,Sud,A
1480,Nord,B
1481,Centro,A
1482,Nord,C
1483,Centro,B
1484,Nord,A
1485,Centro,D
1486,Sud,D
1487,Centro,B
1488,Isole,C
1489,Nord,C
1490,Isole,C
1491,Isole,B
1492,Centro,A
1493,Nord,C
1494,Nord,D
1495,Centro,C
1496,Centro,D
1497,Nord,C
1498,Centro,A
1499,Nord,D
1500,Isole,A
1501,Centro,C
1502,Sud,C
1503,Centro,A
1504,Sud,D
1505,Isole,D
1506,Nord,B
1507,Centro,A
1508,Centro,C
1509,Isole,A
1510,Centro,B
1511,Centro,B
1512,Isole,C
1513,Centro,B
1514,Nord,D
1515,Isole,B
1516,Centro,D
1517,Isole,A
1518,Isole,B
1519,Sud,A
1520,Isole,C
1521,Sud,D
1522,Centro,D
1523,Centro,B
1524,Centro,C
1525,Sud,C
1526,Isole,D
1527,Sud,C
1528,Nord,A
1529,Centro,D
1530,Centro,C
1531,Centro,D
1532,Nord,B
1533,Nord,D
1534,Isole,C
1535,Nord,D
1536,Isole,D
1537,Sud,D
1538,Centro,C
1539,Nord,A
1540,Nord,A
1541,Sud,A
1542,Sud,D
1543,Sud,A
1544,Nord,D
1545,Isole,B
1546,Sud,D
1547,Centro,A
1548,Nord,C
1549,Isole,C
1550,Nord,B
1551,Centro,A
1552,Centro,D
1553,Sud,C
1554,Sud,A
1555,Isole,C
1556,Sud,D
1557,Isole,D
1558,Centro,A
1559,Sud,A
1560,Isole,A
1561,Isole,D
1562,Sud,D
1563,Centro,C
1564,Sud,C
1565,Isole,B
1566,Centro,C
1567,Isole,C
1568,Centro,B
1569,Nord,C
1570,Centro,D
1571,Centro,D
1572,Centro,D
1573,Nord,D
1574,Sud,B
1575,Centro,C
1576,Sud,C
1577,Sud,B
1578,Sud,C
1579,Isole,C
1580,Isole,C
1581,Sud,C
1582,Isole,D
1583,Sud,D
1584,Nord,D
1585,Sud,D
1586,Isole,D
1587,Isole,A
1588,Isole,B
1589,Isole,D
1590,Nord,A
1591,Sud,D
1592,Sud,C
1593,Centro,D
1594,Centro,C
1595,Isole,D
1596,Isole,A
1597,Isole,C
1598,Sud,C
1599,Isole,D
1600,Isole,B
1601,Sud,C
1602,Sud,C
1603,Centro,C
1604,Centro,A
1605,Nord,C
1606,Isole,B
1607,Sud,A
1608,Sud,B
1609,Sud,C
1610,Nord,C
1611,Centro,A
1612,Isole,C
1613,Nord,A
1614,Centro,A
1615,Isole,B
1616,Nord,C
1617,Isole,A
1618,Centro,C
1619,Isole,B
1620,Sud,C
1621,Centro,D
1622,Centro,C
1623,Isole,C
1624,Nord,A
1625,Sud,D
1626,Sud,D
1627,Sud,A
1628,Centro,B
1629,Nord,A
1630,Sud,A
1631,Isole,C
1632,Isole,B
1633,Nord,C
1634,Centro,D
1635,Centro,C
1636,Nord,A
1637,Sud,D
1638,Isole,D
1639,Sud,C
1640,Isole,D
1641,Sud,A
1642,Centro,A
1643,Centro,D
1644,Nord,D
1645,Isole,D
1646,Isole,A
1647,Centro,B
1648,Centro,D
1649,Centro,C
1650,Nord,A
1651,Sud,A
1652,Sud,B
1653,Centro,A
1654,Nord,B
1655,Centro,B
1656,Isole,D
1657,Isole,D
1658,Centro,C
1659,Centro,B
1660,Isole,C
1661,Sud,A
1662,Nord,D
1663,Centro,D
1664,Nord,B
1665,Isole,A
1666,Sud,D
1667,Sud,A
1668,Nord,D
1669,Isole,D
1670,Nord,D
1671,Nord,C
1672,Centro,B
1673,Sud,A
1674,Isole,D
1675,Nord,A
1676,Sud,D
1677,Sud,D
1678,Isole,A
1679,Isole,C
1680,Sud,D
1681,Nord,C
1682,Isole,B
1683,Nord,B
1684,Nord,B
1685,Isole,C
1686,Nord,A
1687,Isole,A
1688,Nord,D
1689,Nord,A
1690,Sud,C
1691,Nord,C
1692,Centro,C
1693,Isole,D
1694,Nord,B
1695,Centro,D
1696,Centro,C
1697,Centro,C
1698,Isole,B
1699,Centro,C
1700,Nord,D
1701,Sud,D
1702,Nord,D
1703,Isole,C
1704,Isole,A
1705,Isole,B
1706,Isole,D
1707,Nord,B
1708,Nord,D
1709,Centro,A
1710,Isole,A
1711,Centro,A
1712,Nord,C
1713,Isole,A
1714,Centro,A
1715,Isole,A
1716,Nord,C
1717,Centro,A
1718,Centro,B
1719,Sud,B
1720,Isole,D
1721,Isole,A
1722,Sud,C
1723,Nord,C
1724,Centro,C
1725,Isole,B
1726,Nord,D
1727,Isole,B
1728,Sud,D
1729,Centro,B
1730,Nord,B
1731,Isole,D
1732,Isole,A
1733,Centro,D
1734,Nord,D
1735,Sud,C
1736,Nord,D
1737,Isole,A
1738,Isole,C
1739,Centro,D
1740,Isole,B
1741,Centro,B
1742,Centro,C
1743,Isole,A
1744,Isole,D
1745,Nord,C
1746,Nord,C
1747,Nord,B
1748,Sud,A
1749,Isole,A
1750,Sud,A
1751,Isole,D
1752,Isole,A
1753,Nord,B
1754,Nord,A
1755,Sud,C
1756,Centro,D
1757,Nord,D
1758,Isole,C
1759,Isole,C
1760,Sud,B
1761,Centro,C
1762,Isole,D
1763,Sud,C
1764,Nord,D
1765,Nord,D
1766,Isole,B
1767,Isole,D
1768,Isole,B
1769,Nord,D
1770,Sud,B
1771,Isole,C
1772,Sud,B
1773,Isole,B
1774,Isole,C
1775,Centro,B
1776,Isole,C
1777,Centro,B
1778,Nord,A
1779,Centro,D
1780,Centro,C
1781,Sud,C
1782,Isole,D
1783,Isole,C
1784,Isole,B
1785,Sud,A
1786,Sud,B
1787,Nord,A
1788,Centro,C
1789,Sud,B
1790,Isole,A
1791,Nord,A
1792,Nord,C
1793,Nord,A
1794,Sud,C
1795,Sud,A
1796,Centro,A
1797,Centro,A
1798,Isole,D
1799,Nord,A
1800,Sud,C
1801,Nord,D
1802,Isole,D
1803,Centro,A
1804,Sud,A
1805,Isole,C
1806,Isole,A
1807,Nord,A
1808,Sud,C
1809,Nord,D
1810,Centro,D
1811,Centro,C
1812,Centro,A
1813,Centro,B
1814,Centro,A
1815,Isole,D
1816,Centro,D
1817,Sud,B
1818,Centro,B
1819,Sud,D
1820,Nord,A
1821,Isole,B
1822,Isole,C
1823,Isole,B
1824,Isole,C
1825,Centro,C
1826,Nord,D
1827,Isole,C
1828,Centro,A
1829,Sud,B
1830,Isole,A
1831,Nord,D
1832,Nord,D
1833,Centro,C
1834,Sud,A
1835,Nord,D
1836,Nord,B
1837,Nord,D
1838,Nord,B
1839,Sud,C
1840,Isole,A
1841,Isole,D
1842,Isole,B
1843,Sud,D
1844,Nord,D
1845,Centro,A
1846,Sud,A
1847,Sud,B
1848,Sud,A
1849,Sud,C
1850,Nord,A
1851,Isole,A
1852,Nord,C
1853,Nord,D
1854,Centro,A
1855,Nord,A
1856,Sud,B
1857,Isole,D
1858,Sud,D
1859,Nord,A
1860,Centro,C
1861,Centro,C
1862,Isole,D
1863,Nord,D
1864,Sud,B
1865,Nord,C
1866,Centro,D
1867,Centro,B
1868,Centro,D
1869,Sud,A
1870,Nord,B
1871,Sud,C
1872,Isole,A
1873,Nord,D
1874,Sud,A
1875,Isole,B
1876,Sud,A
1877,Isole,B
1878,Isole,B
1879,Nord,A
1880,Isole,A
1881,Sud,A
1882,Nord,D
1883,Isole,C
1884,Sud,C
1885,Nord,D
1886,Nord,D
1887,Centro,A
1888,Centro,D
1889,Isole,D
1890,Centro,D
1891,Sud,D
1892,Centro,A
1893,Nord,A
1894,Isole,D
1895,Isole,C
1896,Sud,B
1897,Nord,D
1898,Sud,B
1899,Isole,A
1900,Centro,B
1901,Sud,A
1902,Nord,D
1903,Sud,D
1904,Sud,A
1905,Centro,D
1906,Sud,C
1907,Centro,D
1908,Isole,D
1909,Centro,C
1910,Nord,A
1911,Nord,D
1912,Centro,D
1913,Sud,B
1914,Centro,B
1915,Centro,D
1916,Isole,A
1917,Sud,C
1918,Isole,D
1919,Centro,C
1920,Sud,D
1921,Centro,D
1922,Centro,B
1923,Nord,A
1924,Isole,B
1925,Centro,B
1926,Centro,A
1927,Centro,A
1928,Nord,C
1929,Centro,D
1930,Isole,B
1931,Isole,D
1932,Isole,C
1933,Nord,D
1934,Centro,B
1935,Nord,D
1936,Nord,D
1937,Nord,B
1938,Centro,B
1939,Isole,B
1940,Centro,C
1941,Centro,A
1942,Centro,A
1943,Sud,A
1944,Sud,A
1945,Isole,C
1946,Centro,B
1947,Isole,B
1948,Centro,D
1949,Nord,D
1950,Centro,D
1951,Nord,B
1952,Isole,C
1953,Isole,C
1954,Isole,B
1955,Isole,A
1956,Isole,C
1957,Centro,B
1958,Centro,C
1959,Nord,D
1960,Centro,A
1961,Sud,C
1962,Nord,A
1963,Nord,A
1964,Isole,C
1965,Isole,D
1966,Centro,C
1967,Sud,D
1968,Sud,D
1969,Nord,D
1970,Isole,A
1971,Nord,B
1972,Isole,A
1973,Nord,C
1974,Nord,B
1975,Sud,A
1976,Centro,B
1977,Centro,D
1978,Sud,A
1979,Sud,B
1980,Nord,A
1981,Sud,D
1982,Isole,B
1983,Isole,C
1984,Centro,A
1985,Nord,C
1986,Centro,A
1987,Centro,C
1988,Sud,B
1989,Nord,D
1990,Sud,B
1991,Centro,A
1992,Centro,B
1993,Centro,D
1994,Isole,D
1995,Centro,C
1996,Centro,D
1997,Isole,A
1998,Centro,C
1999,Isole,C
2000,Isole,C
2001,Centro,B
2002,Sud,C
2003,Sud,B
2004,Sud,C
2005,Isole,B
2006,Isole,C
2007,Sud,C
2008,Nord,B
2009,Sud,B
2010,Isole,A
2011,Isole,B
2012,Isole,A
2013,Centro,A
2014,Nord,D
2015,Isole,A
2016,Centro,B
2017,Isole,A
2018,Sud,D
2019,Nord,B
2020,Isole,A
2021,Nord,D
2022,Isole,A
2023,Sud,C
2024,Centro,C
2025,Isole,C
2026,Nord,B
2027,Nord,C
2028,Isole,B
2029,Centro,D
2030,Sud,A
2031,Nord,A
2032,Centro,C
2033,Isole,C
2034,Nord,B
2035,Nord,D
2036,Nord,B
2037,Centro,C
2038,Nord,C
2039,Isole,A
2040,Nord,A
2041,Sud,D
2042,Sud,B
2043,Sud,D
2044,Nord,C
2045,Centro,A
2046,Nord,C
2047,Centro,C
2048,Isole,D
2049,Isole,B
2050,Nord,B
2051,Centro,D
2052,Sud,D
2053,Isole,A
2054,Sud,D
2055,Nord,C
2056,Nord,A
2057,Sud,C
2058,Sud,D
2059,Nord,A
2060,Centro,A
2061,Isole,B
2062,Sud,C
2063,Nord,C
2064,Isole,B
2065,Isole,D
2066,Isole,A
2067,Sud,B
2068,Centro,C
2069,Nord,A
2070,Isole,C
2071,Sud,D
2072,Isole,B
2073,Centro,B
2074,Isole,B
2075,Centro,D
2076,Centro,B
2077,Nord,B
2078,Isole,D
2079,Isole,A
2080,Isole,D
2081,Sud,D
2082,Centro,B
2083,Isole,A
2084,Isole,B
2085,Nord,C
2086,Nord,D
2087,Nord,B
2088,Nord,B
2089,Sud,A
2090,Centro,A
2091,Sud,D
2092,Sud,B
2093,Centro,B
2094,Nord,D
2095,Sud,A
2096,Nord,B
2097,Sud,B
2098,Isole,D
2099,Centro,D
2100,Centro,A
2101,Isole,B
2102,Isole,D
2103,Sud,B
2104,Sud,C
2105,Centro,D
2106,Centro,D
2107,Isole,B
2108,Sud,A
2109,Isole,A
2110,Nord,C
2111,Isole,A
2112,Nord,D
2113,Centro,D
2114,Sud,C
2115,Sud,D
2116,Isole,C
2117,Nord,C
2118,Sud,B
2119,Isole,D
2120,Sud,C
2121,Centro,C
2122,Nord,B
2123,Centro,A
2124,Centro,B
2125,Sud,A
2126,Sud,B
2127,Isole,D
2128,Nord,A
2129,Isole,D
2130,Centro,A
2131,Nord,B
2132,Nord,D
2133,Nord,D
2134,Centro,A
2135,Centro,D
2136,Nord,C
2137,Sud,A
2138,Sud,A
2139,Sud,D
2140,Nord,A
2141,Sud,A
2142,Centro,C
2143,Sud,C
2144,Nord,A
2145,Isole,B
2146,Isole,C
2147,Nord,B
2148,Isole,A
2149,Sud,C
2150,Centro,D
2151,Nord,C
2152,Centro,A
2153,Sud,C
2154,Nord,B
2155,Nord,C
2156,Nord,D
2157,Nord,D
2158,Centro,B
2159,Sud,B
2160,Nord,D
2161,Nord,A
2162,Isole,A
2163,Nord,B
2164,Centro,B
2165,Isole,A
2166,Sud,A
2167,Isole,C
2168,Nord,B
2169,Sud,C
2170,Centro,A
2171,Sud,C
2172,Sud,A
2173,Isole,C
2174,Sud,C
2175,Sud,A
2176,Isole,C
2177,Centro,D
2178,Centro,A
2179,Nord,C
2180,Sud,C
2181,Centro,B
2182,Centro,C
2183,Sud,A
2184,Nord,A
2185,Sud,C
2186,Centro,D
2187,Centro,B
2188,Isole,B
2189,Centro,A
2190,Centro,B
2191,Nord,D
2192,Sud,C
2193,Nord,C
2194,Isole,C
2195,Nord,C
2196,Sud,D
2197,Sud,C
2198,Isole,A
2199,Nord,C
2200,Sud,D
2201,Centro,C
2202,Sud,C
2203,Centro,A
2204,Isole,C
2205,Nord,B
2206,Sud,B
2207,Centro,A
2208,Isole,D
2209,Centro,D
2210,Sud,D
2211,Nord,D
2212,Nord,C
2213,Isole,A
2214,Nord,C
2215,Nord,D
2216,Isole,C
2217,Sud,D
2218,Centro,A
2219,Sud,C
2220,Isole,D
2221,Nord,D
2222,Isole,A
2223,Sud,C
2224,Sud,A
2225,Isole,D
2226,Isole,B
2227,Isole,B
2228,Sud,A
2229,Centro,A
2230,Centro,C
2231,Nord,D
2232,Isole,D
2233,Centro,A
2234,Sud,B
2235,Sud,C
2236,Sud,A
2237,Isole,D
2238,Centro,D
2239,Isole,C
2240,Isole,B
2241,Sud,B
2242,Centro,C
2243,Nord,A
2244,Sud,C
2245,Nord,D
2246,Isole,D
2247,Nord,A
2248,Centro,C
2249,Sud,A
2250,Nord,B
2251,Isole,A
2252,Isole,D
2253,Sud,B
2254,Sud,C
2255,Isole,A
2256,Sud,B
2257,Sud,D
2258,Centro,B
2259,Centro,C
2260,Centro,A
2261,Isole,C
2262,Sud,D
2263,Centro,B
2264,Nord,A
2265,Nord,D
2266,Isole,D
2267,Isole,D
2268,Isole,D
2269,Nord,C
2270,Centro,C
2271,Isole,C
2272,Sud,B
2273,Sud,D
2274,Isole,A
2275,Sud,C
2276,Centro,A
2277,Isole,B
2278,Isole,A
2279,Sud,D
2280,Centro,C
2281,Sud,A
2282,Nord,A
2283,Centro,A
2284,Centro,B
2285,Isole,C
2286,Centro,A
2287,Nord,D
2288,Centro,D
2289,Nord,B
2290,Isole,D
2291,Nord,D
2292,Centro,B
2293,Isole,D
2294,Nord,A
2295,Sud,B
2296,Sud,A
2297,Isole,B
2298,Sud,A
2299,Isole,B
2300,Isole,B
2301,Isole,C
2302,Centro,B
2303,Nord,D
2304,Centro,D
2305,Nord,C
2306,Isole,D
2307,Nord,C
2308,Isole,A
2309,Nord,D
2310,Sud,C
2311,Isole,D
2312,Isole,B
2313,Sud,A
2314,Isole,C
2315,Nord,C
2316,Sud,D
2317,Centro,C
2318,Sud,B
2319,Isole,C
2320,Sud,B
2321,Centro,D
2322,Isole,C
2323,Isole,D
2324,Sud,D
2325,Isole,C
2326,Nord,A
2327,Nord,B
2328,Nord,A
2329,Nord,C
2330,Centro,D
2331,Sud,D
2332,Sud,A
2333,Centro,A
2334,Sud,C
2335,Centro,D
2336,Isole,D
2337,Sud,C
2338,Sud,B
2339,Sud,C
2340,Nord,B
2341,Sud,D
2342,Centro,C
2343,Nord,A
2344,Centro,D
2345,Sud,C
2346,Nord,C
2347,Nord,D
2348,Isole,B
2349,Nord,D
2350,Centro,C
2351,Centro,A
2352,Nord,A
2353,Centro,A
2354,Centro,A
2355,Isole,C
2356,Sud,C
2357,Nord,D
2358,Sud,D
2359,Isole,A
2360,Isole,B
2361,Centro,C
2362,Isole,B
2363,Centro,A
2364,Sud,A
2365,Centro,B
2366,Isole,C
2367,Isole,B
2368,Nord,B
2369,Isole,B
2370,Nord,B
2371,Nord,C
2372,Isole,A
2373,Centro,B
2374,Centro,D
2375,Nord,D
2376,Sud,D
2377,Isole,A
2378,Centro,D
2379,Isole,A
2380,Sud,D
2381,Nord,D
2382,Isole,A
2383,Isole,B
2384,Sud,A
2385,Sud,C
2386,Nord,B
2387,Isole,D
2388,Sud,C
2389,Centro,A
2390,Sud,D
2391,Nord,D
2392,Centro,B
2393,Nord,D
2394,Sud,B
2395,Isole,C
2396,Sud,D
2397,Nord,C
2398,Sud,C
2399,Nord,B
2400,Centro,A
2401,Centro,A
2402,Sud,A
2403,Nord,A
2404,Sud,D
2405,Centro,A
2406,Isole,D
2407,Nord,A
2408,Nord,A
2409,Nord,A
2410,Nord,B
2411,Sud,C
2412,Nord,C
2413,Isole,D
2414,Nord,B
2415,Centro,A
2416,Isole,B
2417,Nord,C
2418,Isole,A
2419,Centro,D
2420,Sud,C
2421,Centro,C
2422,Centro,B
2423,Nord,D
2424,Centro,A
2425,Nord,B
2426,Sud,C
2427,Nord,B
2428,Centro,D
2429,Centro,B
2430,Centro,C
2431,Nord,A
2432,Sud,C
2433,Sud,C
2434,Sud,C
2435,Isole,A
2436,Isole,B
2437,Sud,A
2438,Isole,D
2439,Centro,B
2440,Nord,D
2441,Sud,D
2442,Nord,B
2443,Isole,D
2444,Sud,C
2445,Sud,B
2446,Nord,C
2447,Nord,A
2448,Centro,D
2449,Sud,A
2450,Isole,B
2451,Centro,D
2452,Sud,B
2453,Centro,C
2454,Nord,B
2455,Centro,B
2456,Centro,D
2457,Isole,B
2458,Nord,B
2459,Sud,D
2460,Isole,B
2461,Nord,A
2462,Isole,A
2463,Sud,A
2464,Nord,A
2465,Centro,D
2466,Nord,C
2467,Centro,A
2468,Sud,D
2469,Centro,C
2470,Nord,A
2471,Isole,D
2472,Sud,D
2473,Sud,D
2474,Nord,A
2475,Isole,D
2476,Nord,B
2477,Isole,A
2478,Nord,D
2479,Sud,A
2480,Centro,A
2481,Isole,A
2482,Centro,A
2483,Sud,D
2484,Nord,C
2485,Isole,B
2486,Centro,C
2487,Isole,A
2488,Isole,C
2489,Sud,A
2490,Nord,B
2491,Sud,D
2492,Centro,C
2493,Nord,D
2494,Nord,C
2495,Centro,C
2496,Nord,B
2497,Nord,D
2498,Centro,B
2499,Sud,B
2500,Nord,A
2501,Centro,D
2502,Sud,A
2503,Nord,C
2504,Centro,D
2505,Centro,A
2506,Nord,D
2507,Nord,A
2508,Isole,D
2509,Centro,A
2510,Centro,D
2511,Isole,A
2512,Sud,D
2513,Centro,A
2514,Isole,A
2515,Nord,A
2516,Isole,B
2517,Nord,A
2518,Sud,C
2519,Nord,C
2520,Nord,D
2521,Nord,B
2522,Isole,C
2523,Nord,B
2524,Sud,D
2525,Sud,D
2526,Nord,C
2527,Isole,A
2528,Sud,B
2529,Sud,A
2530,Centro,C
2531,Sud,B
2532,Nord,D
2533,Centro,B
2534,Isole,C
2535,Centro,C
2536,Centro,A
2537,Sud,D
2538,Centro,D
2539,Isole,B
2540,Nord,A
2541,Nord,D
2542,Sud,D
2543,Centro,C
2544,Sud,C
2545,Nord,D
2546,Centro,B
2547,Nord,B
2548,Sud,D
2549,Isole,C
2550,Isole,C
2551,Centro,C
2552,Centro,B
2553,Centro,D
2554,Isole,C
2555,Nord,C
2556,Nord,A
2557,Sud,B
2558,Sud,C
2559,Centro,A
2560,Nord,A
2561,Sud,B
2562,Nord,C
2563,Sud,C
2564,Nord,A
2565,Centro,B
2566,Centro,A
2567,Centro,A
2568,Sud,C
2569,Isole,D
2570,Centro,B
2571,Centro,A
2572,Nord,C
2573,Sud,B
2574,Nord,B
2575,Isole,C
2576,Sud,D
2577,Nord,A
2578,Nord,A
2579,Nord,C
2580,Isole,B
2581,Centro,D
2582,Isole,D
2583,Nord,B
2584,Isole,C
2585,Centro,D
2586,Nord,B
2587,Sud,C
2588,Isole,D
2589,Nord,D
2590,Nord,A
2591,Centro,C
2592,Sud,B
2593,Isole,C
2594,Sud,D
2595,Isole,B
2596,Centro,B
2597,Centro,D
2598,Nord,C
2599,Isole,D
2600,Centro,C
2601,Nord,C
2602,Isole,A
2603,Sud,C
2604,Centro,A
2605,Centro,A
2606,Centro,B
2607,Isole,A
2608,Isole,C
2609,Centro,B
2610,Isole,C
2611,Sud,D
2612,Centro,B
2613,Centro,C
2614,Sud,C
2615,Centro,C
2616,Nord,C
2617,Nord,A
2618,Nord,D
2619,Nord,C
2620,Isole,D
2621,Nord,B
2622,Nord,B
2623,Centro,D
2624,Sud,B
2625,Nord,B
2626,Sud,D
2627,Centro,C
2628,Nord,B
2629,Nord,C
2630,Centro,C
2631,Isole,C
2632,Sud,C
2633,Centro,B
2634,Centro,D
2635,Isole,A
2636,Sud,B
2637,Centro,C
2638,Sud,B
2639,Nord,B
2640,Sud,A
2641,Centro,B
2642,Isole,D
2643,Nord,A
2644,Centro,D
2645,Sud,C
2646,Nord,C
2647,Centro,A
2648,Isole,D
2649,Isole,A
2650,Sud,A
2651,Nord,A
2652,Isole,A
2653,Centro,B
2654,Isole,A
2655,Isole,D
2656,Sud,B
2657,Isole,C
2658,Centro,A
2659,Nord,B
2660,Centro,D
2661,Sud,C
2662,Sud,A
2663,Centro,C
2664,Sud,A
2665,Nord,D
2666,Isole,D
2667,Sud,B
2668,Sud,A
2669,Isole,C
2670,Sud,C
2671,Nord,B
2672,Sud,C
2673,Nord,B
2674,Nord,A
2675,Isole,C
2676,Sud,B
2677,Nord,D
2678,Centro,A
2679,Centro,B
2680,Sud,C
2681,Centro,A
2682,Centro,A
2683,Sud,C
2684,Nord,C
2685,Sud,C
2686,Centro,C
2687,Nord,A
2688,Sud,C
2689,Centro,C
2690,Centro,D
2691,Sud,C
2692,Centro,D
2693,Sud,B
2694,Centro,A
2695,Sud,B
2696,Centro,D
2697,Nord,D
2698,Isole,A
2699,Nord,B
2700,Nord,B
2701,Centro,C
2702,Sud,C
2703,Isole,B
2704,Isole,A
2705,Nord,D
2706,Sud,A
2707,Nord,D
2708,Sud,A
2709,Sud,B
2710,Isole,D
2711,Isole,B
2712,Centro,B
2713,Isole,A
2714,Isole,B
2715,Centro,A
2716,Isole,C
2717,Nord,D
2718,Sud,A
2719,Isole,D
2720,Isole,A
2721,Nord,A
2722,Centro,B
2723,Sud,C
2724,Centro,B
2725,Sud,D
2726,Sud,A
2727,Centro,A
2728,Centro,B
2729,Centro,D
2730,Sud,B
2731,Centro,B
2732,Centro,C
2733,Isole,A
2734,Centro,A
2735,Sud,B
2736,Nord,B
2737,Centro,B
2738,Centro,C
2739,Sud,C
2740,Isole,B
2741,Isole,A
2742,Nord,A
2743,Isole,B
2744,Sud,C
2745,Isole,C
2746,Sud,C
2747,Nord,C
2748,Centro,C
2749,Centro,D
2750,Centro,A
2751,Nord,B
2752,Isole,D
2753,Centro,A
2754,Isole,B
2755,Centro,D
2756,Centro,C
2757,Nord,A
2758,Nord,C
2759,Isole,C
2760,Sud,B
2761,Centro,D
2762,Isole,A
2763,Centro,C
2764,Isole,B
2765,Nord,A
2766,Centro,B
2767,Sud,A
2768,Nord,D
2769,Sud,A
2770,Nord,A
2771,Nord,D
2772,Nord,B
2773,Nord,D
2774,Centro,C
2775,Isole,C
2776,Nord,C
2777,Isole,D
2778,Isole,B
2779,Sud,B
2780,Isole,A
2781,Isole,B
2782,Sud,C
2783,Centro,A
2784,Centro,A
2785,Sud,A
2786,Isole,A
2787,Isole,D
2788,Nord,B
2789,Isole,D
2790,Isole,D
2791,Centro,B
2792,Centro,C
2793,Sud,B
2794,Centro,B
2795,Sud,C
2796,Sud,A
2797,Sud,B
2798,Sud,A
2799,Nord,A
2800,Centro,B
2801,Isole,B
2802,Centro,A
2803,Nord,B
2804,Isole,C
2805,Centro,B
2806,Sud,D
2807,Isole,C
2808,Isole,B
2809,Centro,A
2810,Nord,B
2811,Nord,D
2812,Isole,C
2813,Nord,C
2814,Isole,A
2815,Centro,D
2816,Centro,A
2817,Centro,C
2818,Centro,D
2819,Nord,B
2820,Centro,C
2821,Isole,A
2822,Centro,B
2823,Nord,C
2824,Centro,D
2825,Sud,D
2826,Sud,A
2827,Sud,B
2828,Isole,D
2829,Centro,B
2830,Sud,C
2831,Centro,B
2832,Nord,D
2833,Isole,D
2834,Sud,A
2835,Sud,D
2836,Centro,A
2837,Nord,D
2838,Sud,B
2839,Nord,A
2840,Centro,C
2841,Sud,D
2842,Nord,B
2843,Nord,C
2844,Nord,D
2845,Sud,D
2846,Isole,C
2847,Sud,C
2848,Sud,C
2849,Sud,D
2850,Nord,B
2851,Nord,A
2852,Centro,B
2853,Sud,B
2854,Centro,C
2855,Centro,B
2856,Centro,A
2857,Nord,C
2858,Sud,C
2859,Nord,A
2860,Isole,C
2861,Isole,D
2862,Isole,B
2863,Nord,A
2864,Centro,B
2865,Centro,A
2866,Isole,C
2867,Centro,B
2868,Isole,B
2869,Centro,B
2870,Sud,C
2871,Isole,D
2872,Centro,C
2873,Isole,B
2874,Sud,D
2875,Sud,D
2876,Centro,C
2877,Isole,B
2878,Sud,D
2879,Sud,C
2880,Sud,D
2881,Sud,B
2882,Centro,D
2883,Sud,B
2884,Nord,C
2885,Isole,B
2886,Isole,D
2887,Centro,B
2888,Isole,B
2889,Sud,C
2890,Centro,C
2891,Nord,D
2892,Nord,D
2893,Sud,A
2894,Sud,D
2895,Nord,D
2896,Centro,D
2897,Nord,D
2898,Sud,D
2899,Nord,C
2900,Sud,C
2901,Centro,B
2902,Nord,B
2903,Sud,A
2904,Isole,C
2905,Isole,D
2906,Nord,C
2907,Centro,D
2908,Sud,D
2909,Nord,A
2910,Isole,D
2911,Sud,C
2912,Centro,C
2913,Sud,B
2914,Nord,D
2915,Isole,B
2916,Isole,A
2917,Isole,B
2918,Centro,B
2919,Sud,C
2920,Isole,D
2921,Nord,C
2922,Sud,A
2923,Centro,A
2924,Centro,C
2925,Centro,B
2926,Isole,A
2927,Isole,D
2928,Centro,C
2929,Nord,D
2930,Centro,B
2931,Nord,B
2932,Sud,A
2933,Isole,B
2934,Sud,B
2935,Sud,B
2936,Sud,A
2937,Isole,B
2938,Centro,A
2939,Nord,A
2940,Nord,B
2941,Isole,B
2942,Centro,B
2943,Isole,D
2944,Nord,D
2945,Centro,B
2946,Centro,C
2947,Sud,B
2948,Centro,A
2949,Nord,A
2950,Nord,A
2951,Isole,D
2952,Nord,C
2953,Nord,A
2954,Centro,B
2955,Nord,A
2956,Nord,A
2957,Sud,C
2958,Isole,C
2959,Isole,A
2960,Nord,D
2961,Centro,A
2962,Isole,A
2963,Isole,B
2964,Nord,B
2965,Sud,A
2966,Sud,B
2967,Isole,D
2968,Isole,D
2969,Sud,C
2970,Centro,D
2971,Nord,A
2972,Sud,D
2973,Isole,C
2974,Centro,C
2975,Nord,C
2976,Sud,A
2977,Sud,D
2978,Isole,B
2979,Isole,B
2980,Sud,C
2981,Centro,B
2982,Sud,B
2983,Sud,D
2984,Centro,A
2985,Sud,A
2986,Centro,A
2987,Centro,A
2988,Isole,B
2989,Centro,B
2990,Isole,A
2991,Nord,B
2992,Sud,C
2993,Nord,A
2994,Nord,B
2995,Isole,A
2996,Sud,D
2997,Centro,C
2998,Centro,D
2999,Isole,A
3000,Sud,C
3001,Sud,A
3002,Nord,A
3003,Nord,D
3004,Nord,B
3005,Sud,D
3006,Nord,D
3007,Sud,A
3008,Nord,C
3009,Sud,A
3010,Centro,D
3011,Isole,C
3012,Centro,A
3013,Sud,D
3014,Isole,B
3015,Isole,B
3016,Centro,C
3017,Sud,B
3018,Sud,A
3019,Isole,B
3020,Sud,D
3021,Isole,C
3022,Sud,A
3023,Centro,D
3024,Nord,B
3025,Sud,C
3026,Sud,B
3027,Isole,A
3028,Isole,A
3029,Isole,A
3030,Nord,B
3031,Isole,C
3032,Sud,D
3033,Isole,B
3034,Centro,C
3035,Isole,C
3036,Isole,B
3037,Sud,C
3038,Sud,C
3039,Centro,B
3040,Centro,D
3041,Centro,C
3042,Nord,A
3043,Isole,D
3044,Sud,B
3045,Nord,A
3046,Sud,A
3047,Isole,B
3048,Isole,D
3049,Isole,A
3050,Isole,D
3051,Sud,A
3052,Sud,B
3053,Centro,C
3054,Isole,A
3055,Sud,D
3056,Isole,A
3057,Nord,C
3058,Centro,B
3059,Centro,A
3060,Sud,A
3061,Isole,B
3062,Sud,D
3063,Sud,C
3064,Nord,A
3065,Nord,D
3066,Sud,D
3067,Isole,D
3068,Sud,C
3069,Isole,A
3070,Nord,C
3071,Nord,A
3072,Nord,A
3073,Isole,C
3074,Centro,A
3075,Nord,D
3076,Sud,C
3077,Isole,A
3078,Centro,B
3079,Nord,D
3080,Sud,C
3081,Sud,B
3082,Isole,C
3083,Isole,B
3084,Centro,C
3085,Nord,B
3086,Nord,A
3087,Nord,C
3088,Nord,C
3089,Sud,C
3090,Isole,A
3091,Sud,D
3092,Centro,B
3093,Sud,A
3094,Centro,B
3095,Sud,C
3096,Centro,B
3097,Centro,D
3098,Nord,D
3099,Nord,D
3100,Isole,D
3101,Sud,C
3102,Nord,C
3103,Isole,A
3104,Isole,D
3105,Isole,C
3106,Centro,D
3107,Centro,A
3108,Centro,A
3109,Sud,D
3110,Sud,B
3111,Centro,A
3112,Isole,A
3113,Isole,B
3114,Sud,C
3115,Isole,A
3116,Isole,C
3117,Isole,C
3118,Isole,B
3119,Isole,B
3120,Sud,C
3121,Centro,D
3122,Nord,D
3123,Sud,B
3124,Nord,C
3125,Nord,A
3126,Isole,C
3127,Centro,C
3128,Nord,B
3129,Isole,D
3130,Sud,B
3131,Nord,B
3132,Nord,C
3133,Isole,D
3134,Centro,B
3135,Centro,C
3136,Isole,A
3137,Nord,B
3138,Nord,A
3139,Isole,B
3140,Centro,B
3141,Centro,A
3142,Nord,D
3143,Sud,A
3144,Nord,B
3145,Isole,C
3146,Sud,D
3147,Isole,C
3148,Isole,C
3149,Centro,B
3150,Centro,A
3151,Centro,D
3152,Sud,D
3153,Centro,D
3154,Centro,D
3155,Isole,B
3156,Sud,C
3157,Isole,C
3158,Isole,A
3159,Centro,C
3160,Isole,C
3161,Sud,B
3162,Nord,A
3163,Centro,B
3164,Isole,C
3165,Isole,B
3166,Centro,D
3167,Isole,C
3168,Sud,A
3169,Centro,A
3170,Nord,D
3171,Isole,B
3172,Sud,B
3173,Isole,B
3174,Sud,B
3175,Isole,A
3176,Nord,B
3177,Isole,A
3178,Nord,B
3179,Centro,A
3180,Nord,D
3181,Sud,D
3182,Nord,B
3183,Isole,D
3184,Isole,A
3185,Sud,B
3186,Sud,A
3187,Centro,B
3188,Isole,D
3189,Sud,B
3190,Centro,C
3191,Isole,A
3192,Centro,D
3193,Centro,D
3194,Sud,D
3195,Nord,A
3196,Nord,C
3197,Nord,B
3198,Centro,C
3199,Isole,C
3200,Sud,B
3201,Sud,A
3202,Centro,A
3203,Nord,C
3204,Sud,D
3205,Centro,B
3206,Isole,B
3207,Isole,C
3208,Centro,A
3209,Sud,D
3210,Centro,C
3211,Centro,A
3212,Centro,A
3213,Nord,B
3214,Sud,D
3215,Sud,A
3216,Sud,A
3217,Nord,A
3218,Isole,B
3219,Centro,A
3220,Centro,D
3221,Sud,A
3222,Isole,C
3223,Isole,C
3224,Isole,A
3225,Centro,D
3226,Isole,D
3227,Centro,D
3228,Centro,D
3229,Sud,D
3230,Sud,B
3231,Isole,B
3232,Sud,A
3233,Sud,C
3234,Isole,B
3235,Centro,C
3236,Isole,B
3237,Isole,C
3238,Isole,D
3239,Sud,D
3240,Isole,B
3241,Isole,C
3242,Nord,A
3243,Nord,B
3244,Centro,B
3245,Sud,D
3246,Sud,C
3247,Sud,B
3248,Centro,A
3249,Centro,D
3250,Centro,D
3251,Nord,B
3252,Nord,D
3253,Isole,C
3254,Isole,A
3255,Sud,C
3256,Sud,B
3257,Sud,C
3258,Centro,C
3259,Centro,D
3260,Nord,A
3261,Isole,B
3262,Nord,C
3263,Nord,A
3264,Nord,A
3265,Centro,C
3266,Isole,B
3267,Sud,D
3268,Centro,B
3269,Sud,A
3270,Isole,A
3271,Sud,D
3272,Isole,B
3273,Nord,A
3274,Isole,D
3275,Isole,D
3276,Isole,D
3277,Sud,B
3278,Sud,C
3279,Centro,C
3280,Nord,D
3281,Isole,A
3282,Isole,B
3283,Isole,C
3284,Centro,C
3285,Sud,B
3286,Sud,B
3287,Centro,C
3288,Isole,C
3289,Isole,D
3290,Centro,D
3291,Sud,C
3292,Sud,C
3293,Centro,D
3294,Centro,A
3295,Nord,A
3296,Sud,B
3297,Sud,A
3298,Sud,C
3299,Centro,A
3300,Sud,B
3301,Nord,C
3302,Centro,B
3303,Isole,A
3304,Centro,A
3305,Isole,C
3306,Centro,C
3307,Sud,A
3308,Sud,D
3309,Centro,A
3310,Centro,B
3311,Nord,D
3312,Centro,A
3313,Isole,A
3314,Sud,B
3315,Sud,D
3316,Isole,A
3317,Sud,A
3318,Centro,D
3319,Sud,C
3320,Isole,D
3321,Sud,B
3322,Sud,B
3323,Isole,A
3324,Isole,D
3325,Isole,C
3326,Centro,D
3327,Isole,B
3328,Isole,B
3329,Nord,A
3330,Nord,A
3331,Nord,D
3332,Centro,B
3333,Isole,C
3334,Nord,C
3335,Sud,D
3336,Isole,D
3337,Isole,C
3338,Sud,B
3339,Nord,A
3340,Centro,B
3341,Isole,C
3342,Sud,D
3343,Sud,C
3344,Isole,B
3345,Nord,C
3346,Isole,B
3347,Isole,A
3348,Sud,A
3349,Sud,D
3350,Sud,B
3351,Sud,C
3352,Centro,A
3353,Centro,B
3354,Nord,B
3355,Nord,A
3356,Sud,D
3357,Isole,A
3358,Nord,C
3359,Sud,B
3360,Sud,A
3361,Nord,A
3362,Sud,B
3363,Centro,A
3364,Nord,D
3365,Nord,C
3366,Isole,D
3367,Nord,B
3368,Nord,C
3369,Nord,C
3370,Sud,D
3371,Nord,C
3372,Sud,A
3373,Nord,C
3374,Sud,C
3375,Centro,A
3376,Isole,A
3377,Isole,D
3378,Nord,A
3379,Nord,A
3380,Sud,B
3381,Sud,B
3382,Isole,D
3383,Centro,B
3384,Sud,C
3385,Nord,A
3386,Isole,C
3387,Sud,C
3388,Centro,C
3389,Isole,A
3390,Sud,D
3391,Centro,A
3392,Sud,B
3393,Sud,C
3394,Centro,D
3395,Nord,B
3396,Sud,D
3397,Sud,B
3398,Centro,D
3399,Isole,D
3400,Centro,C
3401,Sud,B
3402,Sud,C
3403,Centro,C
3404,Isole,A
3405,Sud,A
3406,Centro,A
3407,Isole,B
3408,Sud,B
3409,Nord,A
3410,Centro,D
3411,Sud,A
3412,Sud,B
3413,Centro,D
3414,Nord,B
3415,Centro,B
3416,Isole,A
3417,Sud,D
3418,Centro,B
3419,Isole,D
3420,Centro,B
3421,Centro,A
3422,Sud,D
3423,Sud,C
3424,Sud,D
3425,Nord,B
3426,Centro,A
3427,Isole,A
3428,Nord,B
3429,Sud,A
3430,Isole,D
3431,Isole,B
3432,Nord,D
3433,Isole,B
3434,Sud,C
3435,Sud,A
3436,Centro,D
3437,Sud,C
3438,Nord,B
3439,Nord,B
3440,Sud,B
3441,Isole,B
3442,Nord,A
3443,Isole,D
3444,Isole,D
3445,Nord,D
3446,Sud,C
3447,Centro,B
3448,Centro,D
3449,Centro,B
3450,Sud,A
3451,Centro,D
3452,Nord,A
3453,Nord,D
3454,Centro,D
3455,Nord,B
3456,Centro,D
3457,Centro,A
3458,Centro,A
3459,Isole,D
3460,Nord,A
3461,Nord,D
3462,Isole,B
3463,Nord,D
3464,Centro,B
3465,Nord,C
3466,Centro,A
3467,Nord,A
3468,Centro,D
3469,Nord,B
3470,Centro,C
3471,Sud,A
3472,Isole,B
3473,Isole,A
3474,Isole,C
3475,Sud,C
3476,Isole,B
3477,Nord,B
3478,Isole,D
3479,Isole,C
3480,Nord,D
3481,Isole,D
3482,Centro,B
3483,Centro,A
3484,Isole,D
3485,Centro,C
3486,Nord,B
3487,Sud,D
3488,Sud,C
3489,Nord,A
3490,Centro,A
3491,Nord,B
3492,Sud,B
3493,Sud,D
3494,Isole,B
3495,Centro,D
3496,Isole,C
3497,Centro,A
3498,Isole,D
3499,Centro,D
3500,Isole,B
3501,Sud,D
3502,Nord,D
3503,Centro,B
3504,Sud,D
3505,Sud,A
3506,Sud,A
3507,Isole,D
3508,Nord,C
3509,Isole,D
3510,Centro,B
3511,Centro,B
3512,Nord,C
3513,Centro,A
3514,Isole,C
3515,Centro,C
3516,Isole,C
3517,Centro,D
3518,Isole,B
3519,Nord,D
3520,Sud,B
3521,Nord,D
3522,Isole,C
3523,Isole,A
3524,Centro,C
3525,Sud,D
3526,Centro,D
3527,Isole,C
3528,Nord,D
3529,Sud,A
3530,Isole,B
3531,Centro,B
3532,Isole,D
3533,Isole,B
3534,Centro,C
3535,Isole,A
3536,Nord,D
3537,Nord,C
3538,Isole,B
3539,Sud,D
3540,Isole,B
3541,Nord,D
3542,Isole,C
3543,Sud,A
3544,Nord,A
3545,Isole,B
3546,Sud,B
3547,Nord,C
3548,Isole,C
3549,Sud,D
3550,Isole,B
3551,Isole,C
3552,Centro,B
3553,Sud,C
3554,Sud,C
3555,Sud,A
3556,Isole,A
3557,Nord,B
3558,Sud,C
3559,Isole,C
3560,Centro,C
3561,Centro,C
3562,Sud,C
3563,Centro,D
3564,Isole,D
3565,Sud,D
3566,Sud,A
3567,Centro,A
3568,Isole,A
3569,Centro,C
3570,Centro,B
3571,Sud,A
3572,Isole,D
3573,Centro,C
3574,Sud,A
3575,Isole,B
3576,Nord,C
3577,Centro,A
3578,Isole,D
3579,Sud,A
3580,Nord,A
3581,Nord,D
3582,Centro,A
3583,Isole,D
3584,Nord,D
3585,Sud,B
3586,Sud,B
3587,Centro,B
3588,Sud,D
3589,Sud,C
3590,Isole,C
3591,Sud,C
3592,Nord,B
3593,Nord,A
3594,Centro,B
3595,Sud,C
3596,Nord,A
3597,Isole,B
3598,Centro,A
3599,Isole,D
3600,Nord,D
3601,Centro,A
3602,Nord,B
3603,Isole,D
3604,Sud,A
3605,Sud,B
3606,Nord,D
3607,Centro,D
3608,Sud,B
3609,Sud,C
3610,Isole,B
3611,Sud,D
3612,Nord,A
3613,Centro,B
3614,Isole,B
3615,Nord,B
3616,Isole,D
3617,Centro,D
3618,Centro,C
3619,Nord,C
3620,Sud,D
3621,Centro,B
3622,Centro,C
3623,Sud,C
3624,Sud,B
3625,Isole,C
3626,Isole,C
3627,Sud,A
3628,Sud,D
3629,Isole,D
3630,Sud,D
3631,Centro,D
3632,Nord,C
3633,Sud,C
3634,Sud,B
3635,Sud,A
3636,Centro,C
3637,Isole,D
3638,Sud,B
3639,Centro,D
3640,Isole,B
3641,Centro,B
3642,Centro,A
3643,Sud,A
3644,Nord,B
3645,Nord,C
3646,Isole,A
3647,Nord,C
3648,Isole,A
3649,Nord,A
3650,Isole,B
3651,Isole,B
3652,Nord,D
3653,Centro,D
3654,Isole,A
3655,Isole,A
3656,Nord,C
3657,Sud,D
3658,Sud,B
3659,Isole,A
3660,Isole,C
3661,Isole,A
3662,Isole,B
3663,Nord,B
3664,Isole,A
3665,Nord,C
3666,Isole,D
3667,Isole,A
3668,Centro,A
3669,Centro,A
3670,Sud,B
3671,Isole,B
3672,Nord,A
3673,Centro,C
3674,Centro,A
3675,Isole,A
3676,Sud,A
3677,Sud,A
3678,Isole,B
3679,Isole,D
3680,Isole,A
3681,Nord,B
3682,Sud,D
3683,Centro,A
3684,Isole,B
3685,Centro,A
3686,Sud,A
3687,Isole,B
3688,Sud,D
3689,Nord,B
3690,Sud,A
3691,Sud,B
3692,Nord,D
3693,Nord,C
3694,Isole,A
3695,Isole,A
3696,Isole,C
3697,Nord,D
3698,Sud,A
3699,Centro,A
3700,Isole,A
3701,Nord,A
3702,Isole,C
3703,Nord,A
3704,Nord,D
3705,Nord,C
3706,Nord,D
3707,Centro,B
3708,Sud,D
3709,Centro,B
3710,Sud,B
3711,Sud,A
3712,Centro,D
3713,Sud,D
3714,Sud,C
3715,Nord,B
3716,Nord,C
3717,Nord,B
3718,Isole,D
3719,Sud,D
3720,Isole,D
3721,Isole,C
3722,Centro,C
3723,Centro,B
3724,Centro,D
3725,Isole,C
3726,Sud,A
3727,Nord,C
3728,Sud,B
3729,Isole,A
3730,Nord,A
3731,Isole,B
3732,Isole,C
3733,Centro,D
3734,Centro,D
3735,Centro,A
3736,Sud,C
3737,Isole,D
3738,Isole,C
3739,Isole,B
3740,Nord,C
3741,Nord,B
3742,Centro,D
3743,Sud,A
3744,Nord,B
3745,Sud,A
3746,Nord,B
3747,Isole,A
3748,Sud,A
3749,Centro,C
3750,Sud,B
3751,Sud,A
3752,Nord,B
3753,Nord,A
3754,Sud,C
3755,Centro,C
3756,Centro,A
3757,Isole,A
3758,Sud,C
3759,Nord,C
3760,Sud,B
3761,Centro,D
3762,Isole,A
3763,Nord,C
3764,Sud,B
3765,Nord,A
3766,Nord,A
3767,Sud,D
3768,Sud,C
3769,Centro,C
3770,Centro,A
3771,Nord,C
3772,Nord,D
3773,Sud,C
3774,Sud,A
3775,Centro,A
3776,Sud,B
3777,Centro,B
3778,Nord,B
3779,Sud,B
3780,Centro,C
3781,Isole,B
3782,Nord,A
3783,Centro,C
3784,Sud,B
3785,Centro,C
3786,Sud,C
3787,Sud,C
3788,Isole,C
3789,Sud,C
3790,Centro,A
3791,Centro,C
3792,Isole,C
3793,Sud,A
3794,Isole,D
3795,Isole,B
3796,Sud,D
3797,Nord,B
3798,Isole,B
3799,Isole,B
3800,Sud,D
3801,Centro,A
3802,Centro,C
3803,Sud,D
3804,Sud,C
3805,Sud,A
3806,Sud,B
3807,Isole,C
3808,Isole,B
3809,Isole,B
3810,Sud,D
3811,Isole,A
3812,Sud,B
3813,Centro,A
3814,Isole,B
3815,Sud,B
3816,Centro,A
3817,Isole,A
3818,Isole,B
3819,Nord,A
3820,Sud,B
3821,Sud,D
3822,Sud,A
3823,Isole,B
3824,Isole,D
3825,Sud,C
3826,Sud,C
3827,Isole,B
3828,Isole,C
3829,Isole,D
3830,Isole,A
3831,Isole,D
3832,Isole,A
3833,Nord,D
3834,Isole,D
3835,Isole,C
3836,Nord,C
3837,Sud,B
3838,Sud,B
3839,Nord,A
3840,Sud,A
3841,Centro,D
3842,Isole,A
3843,Centro,A
3844,Sud,C
3845,Isole,D
3846,Isole,C
3847,Isole,A
3848,Isole,C
3849,Nord,A
3850,Sud,B
3851,Centro,A
3852,Isole,A
3853,Nord,A
3854,Sud,D
3855,Nord,D
3856,Centro,D
3857,Nord,D
3858,Isole,B
3859,Sud,C
3860,Isole,C
3861,Isole,B
3862,Centro,C
3863,Nord,B
3864,Centro,B
3865,Nord,D
3866,Nord,A
3867,Sud,A
3868,Sud,A
3869,Isole,C
3870,Sud,C
3871,Sud,B
3872,Sud,A
3873,Centro,D
3874,Isole,C
3875,Nord,A
3876,Nord,D
3877,Sud,D
3878,Isole,A
3879,Sud,B
3880,Centro,B
3881,Nord,A
3882,Nord,D
3883,Isole,C
3884,Nord,B
3885,Sud,D
3886,Nord,B
3887,Centro,A
3888,Sud,B
3889,Sud,A
3890,Centro,C
3891,Nord,C
3892,Isole,B
3893,Sud,D
3894,Nord,B
3895,Nord,C
3896,Sud,B
3897,Sud,B
3898,Centro,D
3899,Centro,A
3900,Centro,C
3901,Sud,A
3902,Nord,B
3903,Nord,A
3904,Sud,C
3905,Sud,C
3906,Centro,B
3907,Nord,C
3908,Isole,D
3909,Sud,C
3910,Centro,C
3911,Sud,C
3912,Sud,B
3913,Nord,C
3914,Nord,A
3915,Isole,D
3916,Isole,D
3917,Isole,D
3918,Isole,B
3919,Sud,B
3920,Sud,B
3921,Isole,B
3922,Centro,B
3923,Sud,D
3924,Nord,B
3925,Isole,B
3926,Isole,C
3927,Sud,B
3928,Centro,D
3929,Isole,B
3930,Centro,A
3931,Sud,A
3932,Sud,B
3933,Nord,D
3934,Sud,B
3935,Centro,B
3936,Centro,C
3937,Sud,B
3938,Isole,A
3939,Sud,D
3940,Sud,B
3941,Isole,D
3942,Nord,B
3943,Nord,D
3944,Centro,D
3945,Nord,C
3946,Nord,B
3947,Nord,B
3948,Centro,C
3949,Isole,C
3950,Centro,B
3951,Sud,D
3952,Centro,A
3953,Isole,D
3954,Sud,C
3955,Sud,C
3956,Isole,B
3957,Nord,A
3958,Isole,A
3959,Centro,B
3960,Sud,B
3961,Centro,A
3962,Sud,A
3963,Centro,C
3964,Isole,C
3965,Centro,D
3966,Sud,C
3967,Nord,D
3968,Sud,D
3969,Nord,A
3970,Isole,D
3971,Centro,B
3972,Sud,D
3973,Sud,C
3974,Isole,D
3975,Isole,D
3976,Isole,C
3977,Isole,B
3978,Centro,C
3979,Centro,A
3980,Isole,C
3981,Sud,B
3982,Nord,B
3983,Isole,A
3984,Sud,C
3985,Isole,D
3986,Nord,B
3987,Sud,C
3988,Sud,C
3989,Isole,C
3990,Isole,A
3991,Centro,B
3992,Nord,D
3993,Sud,C
3994,Nord,D
3995,Sud,A
3996,Sud,A
3997,Isole,A
3998,Nord,C
3999,Isole,A
4000,Isole,A
4001,Nord,C
4002,Centro,C
4003,Isole,D
4004,Centro,D
4005,Sud,C
4006,Sud,B
4007,Isole,A
4008,Nord,D
4009,Centro,C
4010,Nord,A
4011,Isole,B
4012,Nord,B
4013,Centro,C
4014,Isole,A
4015,Sud,B
4016,Sud,B
4017,Isole,C
4018,Isole,A
4019,Centro,C
4020,Centro,C
4021,Sud,A
4022,Nord,C
4023,Nord,D
4024,Nord,A
4025,Nord,A
4026,Nord,A
4027,Isole,C
4028,Nord,C
4029,Centro,D
4030,Centro,B
4031,Sud,B
4032,Isole,A
4033,Centro,B
4034,Centro,D
4035,Sud,D
4036,Isole,C
4037,Centro,C
4038,Centro,C
4039,Nord,B
4040,Centro,B
4041,Isole,B
4042,Centro,A
4043,Centro,B
4044,Centro,B
4045,Nord,A
4046,Nord,B
4047,Isole,C
4048,Nord,A
4049,Sud,C
4050,Sud,A
4051,Centro,C
4052,Isole,A
4053,Sud,A
4054,Centro,C
4055,Isole,D
4056,Nord,B
4057,Nord,D
4058,Isole,B
4059,Isole,A
4060,Centro,C
4061,Isole,A
4062,Nord,D
4063,Centro,D
4064,Sud,D
4065,Centro,B
4066,Nord,C
4067,Nord,A
4068,Nord,B
4069,Centro,D
4070,Centro,B
4071,Isole,B
4072,Centro,B
4073,Centro,B
4074,Sud,A
4075,Sud,A
4076,Isole,B
4077,Nord,D
4078,Centro,B
4079,Centro,D
4080,Isole,C
4081,Sud,B
4082,Isole,A
4083,Centro,A
4084,Nord,A
4085,Nord,B
4086,Nord,A
4087,Isole,A
4088,Nord,B
4089,Isole,A
4090,Centro,A
4091,Nord,B
4092,Sud,B
4093,Nord,D
4094,Centro,D
4095,Nord,C
4096,Centro,B
4097,Centro,D
4098,Sud,B
4099,Nord,A
4100,Sud,B
4101,Nord,D
4102,Isole,C
4103,Nord,B
4104,Sud,D
4105,Nord,D
4106,Isole,B
4107,Isole,A
4108,Centro,D
4109,Isole,D
4110,Nord,C
4111,Nord,A
4112,Centro,B
4113,Nord,A
4114,Centro,C
4115,Isole,C
4116,Centro,A
4117,Isole,B
4118,Centro,B
4119,Isole,A
4120,Isole,A
4121,Sud,A
4122,Centro,C
4123,Nord,C
4124,Isole,D
4125,Isole,C
4126,Isole,C
4127,Isole,C
4128,Isole,A
4129,Sud,D
4130,Nord,C
4131,Nord,D
4132,Nord,A
4133,Nord,D
4134,Nord,D
4135,Isole,A
4136,Sud,B
4137,Centro,B
4138,Sud,A
4139,Nord,B
4140,Isole,B
4141,Isole,D
4142,Sud,A
4143,Sud,A
4144,Centro,D
4145,Centro,A
4146,Sud,A
4147,Sud,A
4148,Centro,B
4149,Centro,C
4150,Sud,D
4151,Nord,C
4152,Centro,D
4153,Nord,A
4154,Nord,B
4155,Sud,A
4156,Centro,B
4157,Centro,A
4158,Centro,B
4159,Sud,D
4160,Sud,C
4161,Sud,D
4162,Isole,C
4163,Nord,D
4164,Centro,B
4165,Sud,A
4166,Isole,D
4167,Centro,B
4168,Centro,A
4169,Isole,D
4170,Sud,B
4171,Isole,A
4172,Isole,C
4173,Centro,A
4174,Sud,A
4175,Isole,D
4176,Centro,B
4177,Sud,D
4178,Sud,B
4179,Sud,D
4180,Centro,C
4181,Centro,A
4182,Nord,D
4183,Isole,A
4184,Centro,D
4185,Sud,C
4186,Sud,B
4187,Isole,A
4188,Sud,B
4189,Centro,C
4190,Centro,A
4191,Isole,B
4192,Sud,B
4193,Isole,C
4194,Nord,B
4195,Sud,B
4196,Nord,B
4197,Isole,B
4198,Isole,C
4199,Isole,C
4200,Centro,B
4201,Nord,B
4202,Centro,D
4203,Nord,D
4204,Centro,A
4205,Sud,D
4206,Isole,D
4207,Nord,B
4208,Centro,A
4209,Sud,D
4210,Isole,A
4211,Nord,C
4212,Sud,D
4213,Sud,A
4214,Nord,C
4215,Isole,B
4216,Centro,C
4217,Isole,B
4218,Sud,A
4219,Nord,C
4220,Nord,B
4221,Nord,A
4222,Nord,D
4223,Nord,D
4224,Sud,D
4225,Isole,D
4226,Isole,C
4227,Isole,D
4228,Centro,D
4229,Sud,D
4230,Centro,C
4231,Sud,D
4232,Centro,A
4233,Centro,D
4234,Isole,B
4235,Sud,A
4236,Centro,D
4237,Nord,C
4238,Centro,D
4239,Centro,B
4240,Centro,A
4241,Sud,B
4242,Isole,B
4243,Sud,D
4244,Nord,A
4245,Isole,C
4246,Nord,A
4247,Sud,B
4248,Nord,B
4249,Nord,A
4250,Sud,B
4251,Isole,D
4252,Sud,B
4253,Isole,A
4254,Sud,A
4255,Nord,A
4256,Nord,A
4257,Isole,B
4258,Nord,B
4259,Nord,A
4260,Nord,B
4261,Sud,A
4262,Sud,C
4263,Nord,B
4264,Isole,C
4265,Centro,D
4266,Centro,B
4267,Sud,C
4268,Sud,C
4269,Isole,C
4270,Sud,D
4271,Centro,D
4272,Centro,B
4273,Centro,C
4274,Sud,A
4275,Nord,D
4276,Centro,A
4277,Centro,C
4278,Centro,D
4279,Centro,D
4280,Nord,A
4281,Isole,C
4282,Centro,A
4283,Isole,A
4284,Nord,C
4285,Centro,A
4286,Centro,C
4287,Isole,B
4288,Nord,C
4289,Centro,B
4290,Centro,C
4291,Nord,A
4292,Nord,A
4293,Centro,B
4294,Isole,A
4295,Isole,B
4296,Centro,C
4297,Sud,B
4298,Nord,C
4299,Centro,D
4300,Isole,C
4301,Nord,B
4302,Sud,B
4303,Centro,C
4304,Sud,A
4305,Nord,C
4306,Nord,C
4307,Isole,C
4308,Isole,A
4309,Isole,A
4310,Nord,A
4311,Sud,C
4312,Nord,C
4313,Sud,B
4314,Isole,D
4315,Nord,C
4316,Nord,B
4317,Isole,B
4318,Nord,C
4319,Centro,C
4320,Isole,C
4321,Nord,D
4322,Isole,D
4323,Sud,A
4324,Isole,D
4325,Sud,C
4326,Centro,C
4327,Nord,D
4328,Centro,D
4329,Isole,A
4330,Nord,A
4331,Isole,A
4332,Isole,B
4333,Nord,B
4334,Isole,C
4335,Sud,D
4336,Sud,A
4337,Sud,B
4338,Sud,C
4339,Nord,A
4340,Sud,D
4341,Sud,C
4342,Nord,C
4343,Nord,B
4344,Centro,C
4345,Nord,C
4346,Nord,D
4347,Sud,C
4348,Sud,B
4349,Centro,B
4350,Centro,B
4351,Nord,D
4352,Centro,B
4353,Sud,C
4354,Sud,C
4355,Sud,A
4356,Isole,C
4357,Nord,C
4358,Centro,D
4359,Sud,A
4360,Sud,A
4361,Nord,D
4362,Isole,A
4363,Sud,B
4364,Nord,C
4365,Isole,B
4366,Nord,D
4367,Nord,C
4368,Sud,B
4369,Sud,D
4370,Centro,D
4371,Isole,A
4372,Nord,B
4373,Nord,D
4374,Nord,B
4375,Sud,D
4376,Isole,B
4377,Isole,B
4378,Nord,C
4379,Sud,D
4380,Sud,D
4381,Nord,B
4382,Centro,B
4383,Isole,A
4384,Isole,A
4385,Nord,A
4386,Sud,A
4387,Sud,A
4388,Isole,D
4389,Sud,C
4390,Sud,D
4391,Sud,C
4392,Centro,A
4393,Centro,A
4394,Isole,D
4395,Centro,C
4396,Sud,C
4397,Centro,B
4398,Nord,A
4399,Isole,B
4400,Centro,C
4401,Isole,A
4402,Nord,B
4403,Sud,B
4404,Nord,A
4405,Centro,C
4406,Nord,A
4407,Sud,A
4408,Nord,D
4409,Sud,D
4410,Centro,C
4411,Isole,B
4412,Sud,A
4413,Isole,B
4414,Sud,C
4415,Isole,A
4416,Nord,C
4417,Centro,A
4418,Nord,D
4419,Nord,A
4420,Nord,C
4421,Isole,B
4422,Isole,D
4423,Isole,D
4424,Sud,A
4425,Nord,C
4426,Nord,D
4427,Centro,B
4428,Nord,D
4429,Nord,D
4430,Sud,B
4431,Nord,C
4432,Centro,B
4433,Nord,B
4434,Centro,B
4435,Sud,D
4436,Nord,A
4437,Nord,B
4438,Isole,D
4439,Nord,A
4440,Centro,A
4441,Centro,C
4442,Isole,A
4443,Isole,D
4444,Nord,A
4445,Nord,B
4446,Isole,B
4447,Centro,C
4448,Sud,C
4449,Centro,C
4450,Isole,A
4451,Isole,D
4452,Isole,C
4453,Isole,D
4454,Isole,C
4455,Nord,C
4456,Nord,C
4457,Nord,B
4458,Nord,C
4459,Centro,A
4460,Centro,A
4461,Nord,D
4462,Sud,C
4463,Centro,B
4464,Centro,C
4465,Isole,D
4466,Nord,A
4467,Sud,B
4468,Centro,A
4469,Sud,C
4470,Centro,A
4471,Centro,A
4472,Isole,D
4473,Nord,C
4474,Isole,C
4475,Sud,C
4476,Sud,C
4477,Nord,A
4478,Nord,C
4479,Sud,B
4480,Sud,A
4481,Sud,C
4482,Isole,C
4483,Centro,A
4484,Centro,A
4485,Nord,D
4486,Sud,B
4487,Isole,D
4488,Sud,B
4489,Nord,D
4490,Nord,C
4491,Centro,C
4492,Nord,B
4493,Nord,C
4494,Isole,D
4495,Isole,B
4496,Nord,A
4497,Isole,B
4498,Sud,C
4499,Nord,D
4500,Centro,A
4501,Isole,A
4502,Isole,C
4503,Nord,C
4504,Centro,C
4505,Isole,A
4506,Nord,A
4507,Isole,D
4508,Centro,C
4509,Centro,C
4510,Nord,A
4511,Sud,A
4512,Sud,D
4513,Nord,D
4514,Sud,C
4515,Isole,B
4516,Nord,B
4517,Nord,D
4518,Centro,C
4519,Isole,C
4520,Centro,B
4521,Sud,C
4522,Centro,D
4523,Centro,C
4524,Centro,B
4525,Sud,D
4526,Centro,D
4527,Sud,D
4528,Isole,A
4529,Sud,D
4530,Sud,A
4531,Centro,B
4532,Centro,D
4533,Sud,C
4534,Isole,A
4535,Isole,D
4536,Sud,D
4537,Isole,C
4538,Isole,B
4539,Nord,A
4540,Centro,B
4541,Isole,B
4542,Nord,B
4543,Isole,C
4544,Sud,D
4545,Centro,A
4546,Sud,C
4547,Nord,C
4548,Isole,D
4549,Sud,D
4550,Isole,B
4551,Isole,A
4552,Sud,A
4553,Centro,D
4554,Centro,C
4555,Centro,A
4556,Sud,A
4557,Sud,D
4558,Nord,D
4559,Nord,D
4560,Centro,D
4561,Sud,C
4562,Nord,D
4563,Isole,A
4564,Isole,A
4565,Centro,A
4566,Centro,B
4567,Nord,D
4568,Nord,D
4569,Isole,D
4570,Nord,C
4571,Sud,D
4572,Isole,B
4573,Nord,C
4574,Centro,D
4575,Nord,D
4576,Isole,D
4577,Sud,C
4578,Isole,A
4579,Isole,A
4580,Nord,C
4581,Isole,D
4582,Isole,A
4583,Sud,C
4584,Isole,A
4585,Nord,C
4586,Centro,D
4587,Nord,C
4588,Isole,D
4589,Nord,C
4590,Isole,D
4591,Nord,C
4592,Centro,B
4593,Sud,A
4594,Centro,A
4595,Isole,D
4596,Isole,B
4597,Isole,C
4598,Isole,C
4599,Sud,A
4600,Nord,B
4601,Centro,B
4602,Sud,D
4603,Sud,B
4604,Nord,D
4605,Centro,A
4606,Nord,A
4607,Nord,D
4608,Isole,A
4609,Centro,B
4610,Sud,B
4611,Nord,D
4612,Isole,D
4613,Centro,C
4614,Nord,D
4615,Nord,C
4616,Centro,B
4617,Centro,C
4618,Centro,B
4619,Centro,D
4620,Isole,A
4621,Sud,B
4622,Isole,A
4623,Isole,C
4624,Isole,B
4625,Sud,D
4626,Isole,A
4627,Centro,A
4628,Centro,C
4629,Nord,C
4630,Sud,D
4631,Centro,B
4632,Nord,C
4633,Centro,B
4634,Isole,B
4635,Nord,B
4636,Centro,C
4637,Centro,A
4638,Sud,C
4639,Nord,A
4640,Sud,D
4641,Sud,B
4642,Nord,D
4643,Isole,C
4644,Sud,A
4645,Sud,A
4646,Isole,B
4647,Sud,B
4648,Nord,B
4649,Nord,B
4650,Nord,A
4651,Sud,D
4652,Isole,D
4653,Nord,A
4654,Centro,A
4655,Nord,A
4656,Centro,D
4657,Centro,C
4658,Nord,D
4659,Nord,C
4660,Nord,A
4661,Sud,B
4662,Sud,A
4663,Centro,C
4664,Isole,B
4665,Centro,A
4666,Centro,D
4667,Nord,A
4668,Sud,B
4669,Centro,A
4670,Nord,D
4671,Nord,C
4672,Centro,A
4673,Sud,C
4674,Isole,A
4675,Nord,A
4676,Nord,D
4677,Nord,A
4678,Sud,D
4679,Nord,C
4680,Centro,A
4681,Isole,D
4682,Nord,B
4683,Centro,C
4684,Centro,C
4685,Centro,B
4686,Isole,D
4687,Centro,D
4688,Centro,A
4689,Sud,B
4690,Sud,A
4691,Isole,A
4692,Sud,C
4693,Sud,D
4694,Sud,D
4695,Centro,B
4696,Sud,D
4697,Nord,D
4698,Nord,A
4699,Isole,B
4700,Sud,A
4701,Isole,D
4702,Centro,A
4703,Centro,A
4704,Nord,C
4705,Sud,A
4706,Centro,C
4707,Isole,B
4708,Centro,A
4709,Sud,B
4710,Isole,C
4711,Isole,D
4712,Isole,A
4713,Sud,C
4714,Centro,A
4715,Sud,C
4716,Centro,A
4717,Nord,D
4718,Sud,C
4719,Centro,D
4720,Sud,B
4721,Sud,A
4722,Isole,D
4723,Sud,D
4724,Isole,D
4725,Nord,C
4726,Sud,D
4727,Isole,D
4728,Nord,A
4729,Centro,C
4730,Sud,D
4731,Centro,A
4732,Nord,B
4733,Sud,A
4734,Centro,A
4735,Sud,D
4736,Isole,B
4737,Isole,A
4738,Sud,C
4739,Nord,D
4740,Nord,D
4741,Sud,C
4742,Sud,D
4743,Isole,B
4744,Sud,B
4745,Isole,A
4746,Sud,B
4747,Centro,B
4748,Centro,C
4749,Nord,C
4750,Nord,A
4751,Isole,A
4752,Isole,A
4753,Nord,C
4754,Sud,D
4755,Sud,A
4756,Nord,A
4757,Sud,D
4758,Centro,B
4759,Isole,A
4760,Isole,B
4761,Isole,C
4762,Sud,D
4763,Centro,C
4764,Sud,C
4765,Centro,A
4766,Centro,A
4767,Centro,D
4768,Nord,A
4769,Centro,A
4770,Sud,C
4771,Sud,A
4772,Sud,A
4773,Sud,D
4774,Isole,C
4775,Sud,D
4776,Sud,A
4777,Isole,C
4778,Isole,C
4779,Isole,B
4780,Sud,D
4781,Sud,C
4782,Sud,D
4783,Centro,A
4784,Nord,B
4785,Sud,B
4786,Isole,B
4787,Sud,A
4788,Nord,A
4789,Nord,B
4790,Nord,D
4791,Isole,B
4792,Sud,A
4793,Isole,C
4794,Sud,C
4795,Sud,C
4796,Isole,B
4797,Centro,C
4798,Sud,C
4799,Sud,C
4800,Nord,A
4801,Sud,A
4802,Isole,D
4803,Nord,C
4804,Sud,C
4805,Sud,B
4806,Nord,A
4807,Isole,C
4808,Sud,C
4809,Isole,D
4810,Isole,A
4811,Centro,D
4812,Centro,B
4813,Sud,C
4814,Nord,B
4815,Isole,B
4816,Sud,C
4817,Isole,C
4818,Sud,C
4819,Sud,A
4820,Isole,C
4821,Nord,C
4822,Sud,B
4823,Isole,A
4824,Isole,B
4825,Isole,B
4826,Centro,A
4827,Nord,B
4828,Nord,C
4829,Sud,D
4830,Isole,D
4831,Sud,D
4832,Sud,D
4833,Centro,B
4834,Sud,A
4835,Sud,A
4836,Sud,C
4837,Sud,C
4838,Sud,D
4839,Isole,D
4840,Isole,B
4841,Nord,B
4842,Isole,A
4843,Centro,C
4844,Sud,A
4845,Isole,D
4846,Nord,C
4847,Centro,A
4848,Nord,A
4849,Sud,D
4850,Centro,B
4851,Nord,C
4852,Centro,D
4853,Isole,D
4854,Isole,C
4855,Isole,B
4856,Sud,C
4857,Centro,A
4858,Isole,D
4859,Nord,D
4860,Sud,B
4861,Sud,D
4862,Centro,D
4863,Sud,D
4864,Sud,D
4865,Sud,C
4866,Isole,C
4867,Sud,C
4868,Sud,A
4869,Sud,B
4870,Sud,A
4871,Sud,A
4872,Centro,C
4873,Nord,D
4874,Isole,C
4875,Sud,C
4876,Nord,B
4877,Nord,C
4878,Centro,B
4879,Centro,B
4880,Sud,B
4881,Centro,B
4882,Isole,D
4883,Centro,A
4884,Centro,C
4885,Isole,A
4886,Isole,C
4887,Nord,A
4888,Sud,A
4889,Isole,D
4890,Sud,C
4891,Nord,A
4892,Nord,A
4893,Sud,D
4894,Sud,C
4895,Sud,C
4896,Isole,B
4897,Nord,B
4898,Centro,B
4899,Isole,B
4900,Centro,D
4901,Nord,C
4902,Sud,B
4903,Centro,C
4904,Nord,B
4905,Nord,D
4906,Isole,A
4907,Sud,D
4908,Sud,D
4909,Isole,D
4910,Centro,B
4911,Centro,D
4912,Nord,B
4913,Nord,A
4914,Sud,A
4915,Isole,C
4916,Isole,C
4917,Isole,B
4918,Isole,C
4919,Isole,A
4920,Centro,D
4921,Sud,D
4922,Sud,B
4923,Centro,A
4924,Isole,A
4925,Sud,A
4926,Isole,D
4927,Sud,A
4928,Nord,D
4929,Centro,A
4930,Nord,C
4931,Isole,B
4932,Nord,A
4933,Centro,C
4934,Nord,B
4935,Sud,B
4936,Nord,B
4937,Isole,A
4938,Nord,C
4939,Nord,A
4940,Isole,D
4941,Centro,B
4942,Centro,B
4943,Isole,B
4944,Centro,D
4945,Sud,B
4946,Nord,C
4947,Nord,D
4948,Nord,C
4949,Isole,B
4950,Centro,C
4951,Nord,A
4952,Isole,A
4953,Sud,C
4954,Nord,D
4955,Isole,A
4956,Nord,D
4957,Isole,C
4958,Sud,D
4959,Nord,C
4960,Isole,D
4961,Nord,B
4962,Nord,C
4963,Isole,D
4964,Centro,B
4965,Nord,C
4966,Nord,D
4967,Nord,B
4968,Isole,C
4969,Isole,B
4970,Centro,D
4971,Centro,B
4972,Nord,D
4973,Centro,B
4974,Sud,B
4975,Isole,A
4976,Sud,A
4977,Sud,A
4978,Sud,A
4979,Centro,C
4980,Sud,C
4981,Centro,A
4982,Sud,C
4983,Centro,B
4984,Nord,A
4985,Centro,C
4986,Nord,B
4987,Sud,D
4988,Isole,D
4989,Nord,A
4990,Isole,C
4991,Nord,B
4992,Centro,A
4993,Isole,C
4994,Nord,A
4995,Nord,D
4996,Sud,A
4997,Centro,B
4998,Isole,A
4999,Nord,A
5000,Nord,B
